filename,width,height,class,xmin,ymin,xmax,ymax
1075391489.jpg,180,66,nbc,2,4,77,58
108232382.jpg,500,332,citroen,75,29,426,305
108232417.jpg,500,332,mini,109,84,414,219
109950015.jpg,500,321,mini,18,12,480,290
1107796028.jpg,400,500,citroen,111,250,262,372
1111800334.jpg,500,333,texaco,380,53,426,114
111389662.jpg,500,374,intel,49,87,296,264
115519078.jpg,466,500,dhl,26,48,444,150
117933049.jpg,360,270,mini,4,23,273,207
1201452086.jpg,500,333,ford,172,213,290,310
1224626332.jpg,375,500,ferrari,64,74,293,385
1224628248.jpg,500,375,ferrari,140,36,414,327
1230939811.jpg,375,500,adidas,129,326,257,423
1230939811.jpg,375,500,adidas,137,336,243,395
123937306.jpg,500,219,mini,5,4,491,208
1251769192.jpg,500,500,heineken,207,228,411,311
1263617360.jpg,70,61,hp,3,5,69,56
128500912.jpg,500,375,cocacola,110,118,317,212
128500912.jpg,500,375,cocacola,318,175,423,234
132888485.jpg,500,500,cocacola,4,1,494,496
13455389.jpg,500,375,hp,465,115,492,134
1352999361.jpg,500,375,intel,190,171,484,361
1354674694.jpg,130,105,cocacola,11,16,110,76
1358914296.jpg,500,321,redbull,191,153,401,253
1358914336.jpg,375,500,redbull,62,244,96,323
1358914336.jpg,375,500,redbull,189,117,241,137
1359885883.jpg,500,334,nbc,111,32,448,271
1381841108.jpg,441,500,mini,136,100,294,161
1391981336.jpg,500,375,starbucks,95,22,431,344
1402065041.jpg,500,333,porsche,205,182,330,292
1408921955.jpg,500,375,mini,44,117,460,304
1412494805.jpg,500,363,dhl,45,281,175,323
1412494805.jpg,500,363,dhl,299,158,335,219
142479250.jpg,500,174,mcdonalds,269,45,306,77
144488978.jpg,250,188,nike,35,49,205,131
144503924.jpg,280,210,adidas,38,12,234,142
145074777.jpg,500,375,adidas,22,52,471,326
145116964.jpg,400,500,intel,154,182,246,228
1484583303.jpg,500,333,starbucks,8,76,151,227
1484583303.jpg,500,333,starbucks,167,68,315,219
1485104539.jpg,500,375,cocacola,207,66,441,189
1492071424.jpg,500,375,hp,224,129,257,152
1508285598.jpg,500,333,redbull,216,148,308,197
153237185.jpg,492,500,intel,73,211,207,300
159166594.jpg,500,375,fedex,204,101,333,162
159166596.jpg,500,375,dhl,146,136,289,177
1597577216.jpg,500,109,nike,16,23,101,72
1597577216.jpg,500,109,nike,138,22,221,71
1597577216.jpg,500,109,nike,275,29,318,59
1597577216.jpg,500,109,nike,372,29,463,70
162002009.jpg,375,500,mcdonalds,118,110,296,271
1639660678.jpg,500,334,porsche,263,72,407,262
165133120.jpg,440,500,ferrari,10,31,428,495
165691999.jpg,500,378,ford,137,67,417,277
1690276845.jpg,500,375,porsche,181,113,323,271
170453766.jpg,500,375,vodafone,43,99,79,132
170453766.jpg,500,375,vodafone,245,233,307,293
170453766.jpg,500,375,vodafone,443,279,454,295
170557401.jpg,500,375,heineken,2,150,494,228
170557401.jpg,500,375,heineken,119,294,171,312
170557401.jpg,500,375,heineken,242,301,293,317
1833817340.jpg,500,375,intel,58,7,467,313
18526789.jpg,500,333,heineken,12,26,352,264
185712356.jpg,500,375,bmw,63,78,456,373
18581717.jpg,500,375,mini,2,10,494,336
1888260223.jpg,500,333,vodafone,421,251,476,300
18945268.jpg,500,427,cocacola,1,246,72,282
18945268.jpg,500,427,cocacola,3,83,75,121
18945268.jpg,500,427,cocacola,75,326,150,351
18945268.jpg,500,427,cocacola,77,158,157,199
18945268.jpg,500,427,cocacola,79,3,157,39
18945268.jpg,500,427,cocacola,82,80,160,118
18945268.jpg,500,427,cocacola,165,320,245,351
18945268.jpg,500,427,cocacola,166,75,248,116
18945268.jpg,500,427,cocacola,167,177,245,223
18945268.jpg,500,427,cocacola,173,6,246,33
18945268.jpg,500,427,cocacola,205,399,256,422
18945268.jpg,500,427,cocacola,252,232,332,272
18945268.jpg,500,427,cocacola,253,317,328,348
18945268.jpg,500,427,cocacola,254,71,331,118
18945268.jpg,500,427,cocacola,256,3,330,34
18945268.jpg,500,427,cocacola,269,390,339,422
18945268.jpg,500,427,cocacola,336,73,413,112
18945268.jpg,500,427,cocacola,338,234,415,265
18945268.jpg,500,427,cocacola,341,312,418,340
18945268.jpg,500,427,cocacola,357,389,391,423
18945268.jpg,500,427,cocacola,419,145,494,187
18945268.jpg,500,427,cocacola,423,64,496,113
18945268.jpg,500,427,cocacola,428,301,496,340
189568643.jpg,500,355,intel,268,192,458,306
1925162720.jpg,500,265,intel,32,19,309,211
193274877.jpg,400,400,sprite,46,92,168,298
194328418.jpg,500,375,cocacola,90,3,181,45
19731441.jpg,500,375,sprite,215,132,275,282
198509094.jpg,470,209,intel,352,5,431,53
202435355.jpg,500,333,mini,56,69,410,241
2070616132.jpg,500,281,bmw,81,6,360,270
2073319900.jpg,500,375,redbull,119,103,225,192
2073826793.jpg,500,375,mcdonalds,151,11,392,206
2080839955.jpg,500,373,citroen,56,126,363,367
208158931.jpg,500,362,nbc,10,17,487,317
2090094285.jpg,90,22,dhl,1,2,84,17
2111299790.jpg,500,375,intel,247,136,348,212
2121332821.jpg,500,321,citroen,223,53,456,299
212161092.jpg,500,374,redbull,8,47,491,271
2126991906.jpg,279,70,yahoo,15,6,253,54
2132909220.jpg,200,80,google,4,6,199,77
213783134.jpg,500,375,fedex,202,124,394,199
2149071419.jpg,500,375,sprite,111,82,327,251
2160849129.jpg,500,333,fedex,22,35,486,119
2168708196.jpg,243,72,yahoo,4,4,232,62
2169121853.jpg,150,113,heineken,4,6,145,102
217288720.jpg,500,375,yahoo,136,161,304,222
2175802759.jpg,500,361,texaco,122,50,367,320
2175812747.jpg,375,500,texaco,86,114,275,260
2176584286.jpg,500,441,texaco,95,67,378,359
2180293872.jpg,500,253,dhl,11,30,477,122
2196352484.jpg,500,375,starbucks,166,3,445,200
2201490255.jpg,402,500,ferrari,65,70,347,426
2209126349.jpg,500,332,dhl,17,81,125,171
2219451836.jpg,500,500,sprite,7,5,472,477
2224243813.jpg,500,340,mini,29,13,486,306
2228221904.jpg,500,375,ford,52,83,410,232
2237130264.jpg,500,500,bmw,67,54,446,447
2244358347.jpg,500,500,sprite,23,80,453,392
2246298716.jpg,500,375,redbull,289,138,417,207
224886291.jpg,500,375,ford,35,103,463,267
2256858637.jpg,500,334,hp,177,105,304,190
2263927086.jpg,432,288,yahoo,82,212,301,280
2270013615.jpg,500,313,apple,335,80,489,256
2274089022.jpg,500,313,apple,178,47,313,244
2274303482.jpg,240,240,unicef,5,5,230,175
228153666.jpg,500,375,starbucks,163,89,350,274
228464385.jpg,500,400,starbucks,157,110,351,297
229746392.jpg,320,251,nike,19,166,146,226
229746392.jpg,320,251,nike,22,17,299,132
229746392.jpg,320,251,nike,177,163,302,228
229840376.jpg,500,333,starbucks,102,171,145,215
229840376.jpg,500,333,starbucks,146,158,194,208
229840376.jpg,500,333,starbucks,195,151,249,199
231655451.jpg,500,373,puma,162,20,409,205
2317967173.jpg,64,55,hp,2,7,61,46
2318775604.jpg,127,51,intel,0,0,127,51
2329810624.jpg,500,375,dhl,13,5,486,113
2333110366.jpg,250,300,intel,15,18,238,160
233507685.jpg,500,357,cocacola,36,119,309,243
2348900650.jpg,500,375,fedex,4,27,496,302
2350426312.jpg,500,375,fedex,3,6,427,342
2350505168.jpg,500,400,dhl,84,130,121,154
2356560497.jpg,500,333,sprite,87,1,394,329
236248972.jpg,500,375,apple,205,118,292,231
2364685038.jpg,48,48,intel,0,0,48,48
2368653535.jpg,432,288,nbc,48,5,358,193
2383222548.jpg,500,375,puma,28,10,443,347
239985057.jpg,500,375,mcdonalds,2,150,105,242
2401584750.jpg,500,375,apple,107,18,390,335
2403699729.jpg,500,375,adidas,27,5,342,244
2406598998.jpg,405,500,puma,59,183,372,458
2407784266.jpg,500,333,intel,32,29,467,319
2413159667.jpg,500,490,intel,167,13,322,159
2416565238.jpg,500,333,starbucks,5,1,496,328
2418409523.jpg,333,500,starbucks,109,222,237,338
2421111243.jpg,500,333,starbucks,265,124,399,260
2421405885.jpg,460,500,starbucks,58,3,409,498
2421560364.jpg,500,375,nbc,6,20,481,340
2422219264.jpg,500,321,starbucks,4,62,256,308
2422219264.jpg,500,321,starbucks,276,66,476,311
2423654138.jpg,314,252,vodafone,47,19,265,181
2423655766.jpg,314,252,vodafone,65,16,258,179
2425891764.jpg,500,500,apple,6,6,450,498
2427198460.jpg,500,375,nike,21,134,102,228
2427198460.jpg,500,375,nike,223,110,293,178
2427198460.jpg,500,375,nike,351,44,482,184
2427200136.jpg,500,375,nike,187,49,489,203
2435021305.jpg,375,500,cocacola,30,112,352,270
2435838064.jpg,500,385,cocacola,6,6,320,345
2439319086.jpg,375,500,starbucks,88,198,336,441
2445338870.jpg,500,375,vodafone,296,75,381,210
2445745857.jpg,333,500,citroen,48,88,201,165
2445982293.jpg,500,333,ferrari,176,3,414,308
2450743885.jpg,500,375,adidas,49,13,305,191
2451569770.jpg,500,375,adidas,242,208,413,331
2452451692.jpg,432,432,nbc,0,0,432,432
2457001875.jpg,375,500,puma,24,200,116,296
2457001875.jpg,375,500,puma,29,40,129,130
2457001875.jpg,375,500,puma,108,192,196,264
2457001875.jpg,375,500,puma,169,80,196,118
2457001875.jpg,375,500,puma,197,192,275,266
2457001875.jpg,375,500,puma,200,82,222,117
2457001875.jpg,375,500,puma,238,223,283,262
2457001875.jpg,375,500,puma,252,65,359,144
2457001875.jpg,375,500,puma,266,213,358,303
2459989055.jpg,500,500,fedex,153,185,331,251
2460201219.jpg,500,375,nbc,69,33,451,360
2463217235.jpg,500,333,ford,275,127,431,200
2463686290.jpg,500,333,redbull,46,103,171,204
2463686290.jpg,500,333,redbull,88,91,167,153
246526320.jpg,500,333,cocacola,220,121,255,157
2472817996.jpg,500,203,yahoo,2,4,499,106
2476100758.jpg,375,500,cocacola,48,130,253,222
2485974348.jpg,500,375,ford,13,107,491,285
250858537.jpg,500,333,mini,2,81,492,302
2514220918.jpg,350,245,yahoo,1,69,342,157
2514607078.jpg,500,333,ford,120,95,375,211
2514607078.jpg,500,333,ford,388,256,479,301
2515731280.jpg,500,500,texaco,103,94,395,391
2516793607.jpg,500,332,mini,307,146,468,208
2518709496.jpg,500,375,nbc,3,42,380,334
2519143928.jpg,500,375,ferrari,167,97,318,299
2519368987.jpg,500,375,pepsi,134,125,186,194
2519368987.jpg,500,375,pepsi,415,120,446,193
2530090035.jpg,270,269,nbc,0,0,270,269
2531530868.jpg,440,311,nike,37,139,360,285
2533950636.jpg,276,130,google,3,16,275,109
2534155497.jpg,500,375,adidas,59,1,479,253
2548848227.jpg,500,375,fedex,201,173,377,230
2550056374.jpg,500,413,adidas,18,2,488,278
2553832700.jpg,500,356,adidas,4,5,499,352
255547402.jpg,500,375,bmw,259,27,390,127
255740214.jpg,500,397,ford,17,104,474,281
2562313655.jpg,500,333,starbucks,30,116,169,262
2562313655.jpg,500,333,starbucks,176,117,317,257
2562313655.jpg,500,333,starbucks,323,116,476,261
2568847460.jpg,500,333,starbucks,88,87,293,296
2568847460.jpg,500,333,starbucks,349,141,490,258
2578628547.jpg,500,267,puma,239,3,489,215
2583801040.jpg,500,313,apple,85,10,472,296
2584787090.jpg,500,185,nike,1,3,495,179
258770610.jpg,283,215,vodafone,17,22,255,195
258770610.jpg,283,215,vodafone,76,33,201,126
2587818591.jpg,500,333,fedex,140,133,206,191
2587818591.jpg,500,333,fedex,239,203,260,221
260863506.jpg,500,334,mcdonalds,226,145,272,188
2609822722.jpg,500,375,nike,330,207,402,262
2615405816.jpg,500,375,redbull,189,212,248,243
2616906744.jpg,500,313,mcdonalds,380,26,399,48
2618900486.jpg,375,500,sprite,47,239,122,311
2618900486.jpg,375,500,sprite,118,251,261,400
2618900486.jpg,375,500,sprite,292,231,371,333
2620571508.jpg,314,252,vodafone,4,9,308,240
2620571508.jpg,314,252,vodafone,46,18,275,177
2646033238.jpg,500,427,redbull,38,4,486,422
2650126854.jpg,500,375,mcdonalds,194,97,312,241
2650497443.jpg,500,375,pepsi,60,145,126,201
2650497443.jpg,500,375,pepsi,382,137,435,197
2652633857.jpg,450,300,intel,0,0,450,300
2654519236.jpg,500,375,yahoo,129,44,365,230
2656155309.jpg,116,116,nbc,0,0,116,116
2656406197.jpg,500,375,vodafone,41,299,62,322
2656406197.jpg,500,375,vodafone,111,9,185,80
2662264721.jpg,500,313,redbull,3,197,3,197
2674622648.jpg,500,472,citroen,169,159,330,280
2675240640.jpg,500,375,hp,241,168,269,191
2675240646.jpg,500,375,hp,222,195,253,217
2677577557.jpg,500,334,mcdonalds,176,95,340,218
2680574577.jpg,500,299,fedex,1,12,495,293
2681480174.jpg,500,333,mcdonalds,58,15,289,231
2698169582.jpg,500,375,texaco,87,268,106,279
2698169582.jpg,500,375,texaco,145,267,155,279
2716412211.jpg,376,500,nbc,68,7,295,183
2725772074.jpg,500,375,bmw,80,220,306,369
2725772074.jpg,500,375,bmw,118,73,272,187
2725772074.jpg,500,375,bmw,324,3,484,76
2725772074.jpg,500,375,bmw,349,279,490,372
2725852441.jpg,500,500,sprite,182,350,238,394
272645705.jpg,500,400,google,33,129,485,295
2727066466.jpg,350,245,yahoo,2,75,345,184
2729995962.jpg,500,333,hp,171,87,366,214
2730165711.jpg,500,375,redbull,63,51,303,233
2760763703.jpg,500,375,puma,104,44,109,50
2762358474.jpg,310,125,google,15,13,309,92
2766150734.jpg,473,264,google,77,28,367,121
2766852637.jpg,283,215,vodafone,64,28,248,140
2767698530.jpg,283,215,vodafone,73,18,221,141
2767935306.jpg,403,161,yahoo,117,5,350,51
2774437111.jpg,469,234,google,59,17,353,123
2777121253.jpg,200,92,google,7,12,199,68
2777758833.jpg,458,241,google,59,10,331,107
2777979668.jpg,276,120,google,3,7,269,95
2780928833.jpg,467,246,google,61,27,343,135
2783736621.jpg,454,216,google,44,5,374,116
2786523391.jpg,446,219,google,54,8,343,105
2789662807.jpg,141,94,bmw,33,10,114,74
2789664089.jpg,450,338,bmw,74,122,226,243
2789664089.jpg,450,338,bmw,256,93,385,193
2790511610.jpg,500,375,bmw,123,71,354,277
2792076321.jpg,500,375,dhl,2,130,498,331
2792546855.jpg,500,375,mini,3,64,495,268
2792685284.jpg,371,161,yahoo,104,6,345,60
2794725337.jpg,500,375,nbc,153,29,286,122
2795207851.jpg,413,500,porsche,117,164,281,359
2795236586.jpg,500,400,apple,183,131,312,262
2801899525.jpg,320,480,sprite,66,156,245,303
2809730445.jpg,500,233,nbc,119,39,190,109
281143123.jpg,500,375,starbucks,85,44,370,326
281143147.jpg,500,249,starbucks,6,20,223,240
281143147.jpg,500,249,starbucks,245,1,483,238
2818828296.jpg,500,333,starbucks,187,69,388,280
282208842.jpg,500,314,puma,64,113,121,157
282628483.jpg,500,302,puma,410,246,493,294
28271069.jpg,500,375,fedex,217,125,290,199
2838426683.jpg,500,335,nike,59,119,250,166
2839448306.jpg,428,428,google,226,207,245,216
2844210941.jpg,375,500,pepsi,59,73,101,174
2844210941.jpg,375,500,pepsi,145,123,262,266
284602830.jpg,500,375,mcdonalds,109,8,473,272
2846084211.jpg,333,500,citroen,143,69,201,117
2855164257.jpg,400,400,nike,5,142,386,303
2858462390.jpg,333,500,puma,32,88,294,344
2865521932.jpg,500,281,mini,25,30,411,231
2866536247.jpg,500,500,sprite,26,55,454,413
2867420595.jpg,285,124,unicef,5,6,277,74
2868736304.jpg,300,372,intel,10,17,282,197
2874574766.jpg,500,375,bmw,106,20,496,364
2887641700.jpg,500,375,mcdonalds,72,266,95,291
2887641700.jpg,500,375,mcdonalds,205,217,240,253
2891341625.jpg,411,343,nike,39,71,355,210
2898435362.jpg,280,110,google,3,5,269,100
2900584649.jpg,500,375,sprite,325,159,410,221
2908611911.jpg,101,69,vodafone,22,3,83,46
2913811697.jpg,500,375,mcdonalds,357,250,375,267
2920059304.jpg,500,375,starbucks,179,122,341,273
2920077270.jpg,500,334,texaco,312,129,340,162
2921061781.jpg,403,500,intel,5,381,83,447
2921061781.jpg,403,500,intel,8,4,89,59
2921061781.jpg,403,500,intel,10,126,86,186
2921061781.jpg,403,500,intel,11,255,84,314
2921061781.jpg,403,500,intel,103,8,190,60
2921061781.jpg,403,500,intel,112,255,189,318
2921061781.jpg,403,500,intel,202,260,299,317
2921061781.jpg,403,500,intel,309,259,393,316
2926640633.jpg,500,375,texaco,280,276,343,342
2938026725.jpg,500,375,ford,174,158,283,220
2938879364.jpg,500,375,ford,82,127,392,264
2940596257.jpg,500,347,cocacola,66,99,425,291
2941703909.jpg,206,500,redbull,24,44,147,171
2941703909.jpg,206,500,redbull,43,172,135,254
2950778833.jpg,500,463,citroen,40,37,440,374
2958187326.jpg,500,402,mini,58,38,435,206
2960027434.jpg,268,170,pepsi,11,7,128,130
2960027434.jpg,268,170,pepsi,129,5,263,130
2962045.jpg,500,375,cocacola,207,57,385,210
2974365916.jpg,500,316,starbucks,2,103,23,192
2974365916.jpg,500,316,starbucks,51,85,180,227
2974365916.jpg,500,316,starbucks,266,81,318,190
2974365916.jpg,500,316,starbucks,351,86,385,158
2978106177.jpg,500,375,bmw,44,40,396,336
2982186650.jpg,478,500,unicef,4,2,460,495
2983583413.jpg,470,200,pepsi,39,23,193,162
2983583413.jpg,470,200,pepsi,274,30,419,162
2988490694.jpg,400,164,pepsi,122,51,175,107
2988490694.jpg,400,164,pepsi,284,51,337,111
2989750063.jpg,148,60,dhl,2,5,145,52
2990076322.jpg,328,428,yahoo,40,310,281,361
2990076322.jpg,328,428,yahoo,42,187,277,236
2990076322.jpg,328,428,yahoo,46,373,286,425
2990076322.jpg,328,428,yahoo,48,67,278,112
2990076322.jpg,328,428,yahoo,50,126,285,170
2990076322.jpg,328,428,yahoo,54,2,277,49
2993064866.jpg,500,333,starbucks,102,49,343,275
299768792.jpg,500,332,apple,126,68,415,260
3002642406.jpg,400,500,pepsi,97,109,267,256
3002734592.jpg,370,80,yahoo,75,5,322,63
3005794070.jpg,500,375,adidas,233,9,474,242
3006946827.jpg,500,333,apple,79,17,444,310
3007885565.jpg,500,375,adidas,221,20,476,262
3016882365.jpg,500,484,ferrari,56,128,239,338
3023420658.jpg,500,333,apple,171,115,298,237
3039312526.jpg,500,333,texaco,172,101,285,204
3046979862.jpg,500,379,fedex,4,117,465,273
3051999324.jpg,500,375,heineken,246,127,321,226
3051999324.jpg,500,375,heineken,254,20,337,124
3051999324.jpg,500,375,heineken,321,125,409,231
3051999324.jpg,500,375,heineken,339,14,411,121
3054222264.jpg,500,313,nike,214,126,376,187
3055058872.jpg,500,375,ferrari,153,67,358,347
3065654531.jpg,333,500,apple,84,134,252,366
3088544942.jpg,500,375,fedex,54,128,289,210
3088829946.jpg,500,375,pepsi,9,66,138,128
3088829946.jpg,500,375,pepsi,12,68,66,125
3088829946.jpg,500,375,pepsi,25,198,144,252
3088829946.jpg,500,375,pepsi,32,200,82,251
3088829946.jpg,500,375,pepsi,44,313,155,357
3088829946.jpg,500,375,pepsi,77,4,136,59
3088829946.jpg,500,375,pepsi,90,133,214,192
3088829946.jpg,500,375,pepsi,95,137,143,188
3088829946.jpg,500,375,pepsi,100,258,215,303
3088829946.jpg,500,375,pepsi,184,71,223,118
3088829946.jpg,500,375,pepsi,189,315,229,350
3088829946.jpg,500,375,pepsi,193,196,228,241
3088829946.jpg,500,375,pepsi,228,64,248,126
3088829946.jpg,500,375,pepsi,235,193,250,245
3089967648.jpg,500,375,bmw,156,180,366,357
3091292844.jpg,500,375,mcdonalds,20,88,135,180
3091292844.jpg,500,375,mcdonalds,165,270,260,349
3099884211.jpg,500,375,citroen,132,99,349,269
3101502490.jpg,334,500,redbull,2,2,330,202
3101679471.jpg,481,335,google,20,146,445,304
3103582592.jpg,500,305,fedex,95,124,180,161
3103582592.jpg,500,305,fedex,359,92,403,118
3103735966.jpg,500,375,pepsi,99,33,265,162
3103735966.jpg,500,375,pepsi,106,198,427,331
310688144.jpg,276,110,google,2,3,273,105
3107573789.jpg,249,195,yahoo,2,134,247,190
310764290.jpg,500,375,redbull,5,9,493,320
310764290.jpg,500,375,redbull,9,80,490,248
3109158407.jpg,500,167,puma,74,120,123,156
3116688672.jpg,115,115,nbc,0,0,115,115
3117510822.jpg,500,375,pepsi,2,339,38,368
3117510822.jpg,500,375,pepsi,6,16,71,92
3117510822.jpg,500,375,pepsi,11,111,75,176
3117510822.jpg,500,375,pepsi,16,195,88,256
3117510822.jpg,500,375,pepsi,23,262,92,328
3117510822.jpg,500,375,pepsi,78,345,121,370
3117510822.jpg,500,375,pepsi,174,348,206,374
3117510822.jpg,500,375,pepsi,257,353,285,370
3117510822.jpg,500,375,pepsi,288,282,356,334
3117510822.jpg,500,375,pepsi,340,349,373,372
3117510822.jpg,500,375,pepsi,342,198,410,267
3117510822.jpg,500,375,pepsi,346,17,425,90
3117510822.jpg,500,375,pepsi,351,108,425,185
3117510822.jpg,500,375,pepsi,423,344,454,373
3118428220.jpg,500,375,pepsi,15,249,129,359
3118428220.jpg,500,375,pepsi,157,42,297,172
3118428220.jpg,500,375,pepsi,386,238,466,312
3119389772.jpg,250,500,vodafone,52,3,80,24
3119389942.jpg,250,500,vodafone,44,2,88,31
3125626922.jpg,500,375,apple,181,94,337,238
3147491623.jpg,500,333,heineken,133,56,382,227
3152384527.jpg,375,500,texaco,59,314,75,343
3152384527.jpg,375,500,texaco,68,11,126,72
3153222474.jpg,375,500,texaco,13,79,58,122
3153222474.jpg,375,500,texaco,125,331,153,364
3153222474.jpg,375,500,texaco,147,8,198,67
3153892834.jpg,500,500,porsche,153,178,433,409
3154099645.jpg,500,375,pepsi,91,98,198,197
3154099645.jpg,500,375,pepsi,249,100,355,227
3161927635.jpg,500,281,pepsi,123,139,151,169
3161927635.jpg,500,281,pepsi,205,131,242,172
3161927635.jpg,500,281,pepsi,343,131,373,168
3164722529.jpg,500,333,puma,212,64,275,102
3164722903.jpg,500,333,puma,364,59,462,138
3165551816.jpg,500,375,puma,381,131,492,217
3165552688.jpg,500,333,puma,159,164,239,211
3165553650.jpg,500,333,puma,144,103,201,165
3168295809.jpg,400,360,nike,97,72,321,201
3171215617.jpg,500,281,cocacola,94,5,323,275
3171215617.jpg,500,281,cocacola,329,2,466,275
3177582448.jpg,260,240,pepsi,13,5,103,86
3177582448.jpg,260,240,pepsi,152,128,241,223
3187422169.jpg,375,500,apple,112,289,225,407
3189246589.jpg,500,375,pepsi,254,63,310,125
3189246589.jpg,500,375,pepsi,257,162,314,219
3189955469.jpg,500,388,pepsi,79,162,134,220
3189955469.jpg,500,388,pepsi,81,235,139,285
3189955469.jpg,500,388,pepsi,91,297,145,347
3189955469.jpg,500,388,pepsi,107,37,165,82
3189955469.jpg,500,388,pepsi,112,2,158,26
3189955469.jpg,500,388,pepsi,117,90,161,135
3189955469.jpg,500,388,pepsi,356,82,419,135
3189955469.jpg,500,388,pepsi,366,290,426,342
3189955469.jpg,500,388,pepsi,368,219,430,281
3189955469.jpg,500,388,pepsi,371,350,420,384
3189955469.jpg,500,388,pepsi,372,147,435,214
3190245804.jpg,400,100,pepsi,6,9,96,98
3190245804.jpg,400,100,pepsi,198,5,301,99
3190306185.jpg,500,375,apple,321,257,373,299
3190556167.jpg,400,300,heineken,41,38,352,264
3193687005.jpg,450,225,dhl,30,50,415,135
3201785057.jpg,500,375,hp,61,146,142,218
3202360116.jpg,249,221,pepsi,63,104,119,164
3202360116.jpg,249,221,pepsi,176,23,233,94
3204050952.jpg,500,375,hp,118,105,365,275
3206116179.jpg,500,375,ferrari,144,41,365,311
3207823105.jpg,375,500,pepsi,104,144,269,313
320803742.jpg,500,375,intel,105,112,437,333
320803821.jpg,500,375,intel,85,44,479,352
320988995.jpg,500,375,unicef,203,201,266,228
320988995.jpg,500,375,unicef,380,138,438,172
320988997.jpg,500,375,unicef,389,71,472,124
3213763363.jpg,375,500,pepsi,95,78,276,233
321721915.jpg,375,500,dhl,56,278,310,336
3218275786.jpg,500,333,bmw,92,2,304,298
3218467456.jpg,500,197,pepsi,102,30,234,162
3221088943.jpg,205,35,yahoo,1,3,142,29
3223329020.jpg,500,337,redbull,21,28,211,102
3223329020.jpg,500,337,redbull,271,30,458,104
3230189747.jpg,500,333,mcdonalds,28,20,334,272
3230189747.jpg,500,333,mcdonalds,58,54,252,229
3231215333.jpg,500,375,google,14,8,155,57
3231215333.jpg,500,375,google,179,7,322,59
3231215333.jpg,500,375,google,349,5,487,54
3231989873.jpg,240,320,vodafone,31,52,205,196
3237225190.jpg,500,375,puma,85,15,474,340
3237339381.jpg,375,500,pepsi,49,56,153,139
3237339381.jpg,375,500,pepsi,94,188,175,262
3237339381.jpg,375,500,pepsi,100,295,168,362
3237339381.jpg,375,500,pepsi,234,449,284,485
3237339381.jpg,375,500,pepsi,235,196,313,269
3237339381.jpg,375,500,pepsi,239,309,300,372
3237339381.jpg,375,500,pepsi,248,45,326,146
3239862307.jpg,400,400,starbucks,5,4,388,389
3244264597.jpg,500,375,heineken,83,51,417,311
3250788579.jpg,339,345,hp,6,7,336,336
3256349355.jpg,500,377,citroen,104,78,345,232
3256349355.jpg,500,377,citroen,151,100,375,284
3259516433.jpg,500,238,citroen,25,12,195,216
3259516433.jpg,500,238,citroen,31,20,185,170
3259516433.jpg,500,238,citroen,215,14,479,220
3259516433.jpg,500,238,citroen,268,30,435,172
3259683064.jpg,240,240,mcdonalds,28,42,208,180
3260956088.jpg,352,500,puma,61,429,134,481
3261774945.jpg,500,281,apple,64,20,397,231
3261970877.jpg,500,375,mcdonalds,4,26,301,302
3270796445.jpg,375,500,ferrari,147,80,353,318
3270797445.jpg,500,375,puma,1,69,461,370
3270912795.jpg,500,500,starbucks,72,255,143,328
3270912795.jpg,500,500,starbucks,94,126,186,185
3270912795.jpg,500,500,starbucks,386,49,470,138
3270957373.jpg,404,500,unicef,2,3,398,495
3271369237.jpg,500,485,vodafone,179,182,296,284
3274818430.jpg,500,333,mcdonalds,201,42,277,103
3283915433.jpg,500,500,hp,132,155,370,346
3284636128.jpg,500,333,mini,406,106,450,125
3289829246.jpg,140,49,cocacola,1,1,128,43
3294282629.jpg,500,461,adidas,126,252,207,311
3294282629.jpg,500,461,adidas,127,324,206,381
3294282629.jpg,500,461,adidas,129,109,206,162
3294282629.jpg,500,461,adidas,132,176,206,234
3294282629.jpg,500,461,adidas,212,111,287,165
3294282629.jpg,500,461,adidas,213,180,288,236
3294282629.jpg,500,461,adidas,294,109,373,167
3294282629.jpg,500,461,adidas,295,252,372,311
3294282629.jpg,500,461,adidas,296,179,370,234
3299731311.jpg,500,333,ferrari,52,10,348,301
3300554626.jpg,500,333,ferrari,106,9,385,328
3301525494.jpg,500,375,porsche,90,30,428,362
3308750600.jpg,488,500,adidas,10,153,159,266
3311766713.jpg,500,375,ford,32,99,484,266
3320878793.jpg,500,333,mini,203,231,354,294
3320880343.jpg,500,333,mini,154,176,284,246
3321350350.jpg,500,375,ford,118,56,466,298
3321350768.jpg,500,375,ford,26,75,481,268
332368134.jpg,500,375,vodafone,279,217,496,369
332368134.jpg,500,375,vodafone,297,229,493,368
332368134.jpg,500,375,vodafone,298,226,494,360
332368134.jpg,500,375,vodafone,308,223,494,368
332368134.jpg,500,375,vodafone,360,223,447,324
3323870855.jpg,500,334,mini,42,88,405,264
3324939734.jpg,500,281,ford,1,26,147,113
3324939734.jpg,500,281,ford,3,123,144,220
3324939734.jpg,500,281,ford,133,107,319,263
3324939734.jpg,500,281,ford,149,30,304,120
3324939734.jpg,500,281,ford,301,165,498,249
3324939734.jpg,500,281,ford,307,100,498,167
3325271357.jpg,500,374,fedex,18,67,475,215
332913436.jpg,500,480,cocacola,84,194,174,236
3330276462.jpg,98,118,intel,8,2,89,63
3333221097.jpg,500,500,bmw,111,99,370,355
3334662226.jpg,375,500,porsche,18,36,348,470
3335592732.jpg,240,240,unicef,7,2,237,177
3342270648.jpg,286,198,sprite,32,58,167,150
3343182248.jpg,500,375,bmw,69,11,429,356
3349950493.jpg,375,500,texaco,144,319,228,383
3349950493.jpg,375,500,texaco,155,105,187,139
3350050876.jpg,500,333,ford,2,172,496,325
335747797.jpg,500,375,hp,301,219,353,257
335747955.jpg,500,375,hp,36,134,147,200
335747955.jpg,500,375,hp,50,142,118,196
3361771335.jpg,500,212,nike,13,54,27,64
3369741917.jpg,500,500,bmw,41,135,448,400
3369768399.jpg,400,500,citroen,111,220,227,369
3370538988.jpg,439,299,dhl,64,119,351,150
3373561589.jpg,500,332,redbull,50,13,339,129
3373561589.jpg,500,332,redbull,248,254,274,268
3373563795.jpg,500,375,redbull,161,265,210,295
3378307349.jpg,334,500,citroen,34,22,297,479
3382280605.jpg,500,500,citroen,30,12,454,475
3386936621.jpg,334,500,citroen,90,25,257,191
339019736.jpg,500,327,fedex,279,276,307,293
339296129.jpg,500,333,apple,106,56,400,273
3394794243.jpg,313,500,ferrari,2,3,307,494
3405883135.jpg,500,362,mini,105,211,401,339
3408406007.jpg,500,191,vodafone,22,21,55,31
3408406007.jpg,500,191,vodafone,65,20,102,34
3408406007.jpg,500,191,vodafone,110,21,122,37
3408406007.jpg,500,191,vodafone,162,18,209,39
3408406007.jpg,500,191,vodafone,214,13,269,33
3408406007.jpg,500,191,vodafone,273,13,340,40
3408406007.jpg,500,191,vodafone,391,17,451,39
3408406007.jpg,500,191,vodafone,469,21,483,36
3415435326.jpg,500,332,citroen,158,104,331,249
3422008846.jpg,500,155,dhl,17,12,481,101
3424492874.jpg,500,375,porsche,184,191,316,323
3428192889.jpg,200,121,fedex,19,19,182,74
3429181479.jpg,375,500,porsche,112,211,270,372
3455836079.jpg,333,500,ferrari,101,195,216,304
3456463952.jpg,375,500,bmw,42,39,315,469
3462654085.jpg,500,375,hp,143,71,369,244
3468967682.jpg,500,375,dhl,12,60,485,205
3469867139.jpg,500,375,yahoo,108,175,178,201
3469867139.jpg,500,375,yahoo,338,188,424,222
3473801010.jpg,500,375,mcdonalds,106,87,394,318
3484102206.jpg,500,479,texaco,112,114,384,354
3487994615.jpg,375,500,sprite,88,160,282,406
3490411517.jpg,500,333,unicef,4,52,489,218
3491655774.jpg,500,495,sprite,0,0,500,495
3491687556.jpg,500,110,dhl,5,4,493,104
3496048421.jpg,500,313,hp,248,104,290,142
3496048941.jpg,500,313,hp,415,195,458,239
3496862594.jpg,500,313,hp,424,212,476,257
3496863144.jpg,500,313,hp,120,212,154,234
3497593254.jpg,500,333,mcdonalds,162,156,218,226
3510604107.jpg,500,496,heineken,17,17,488,489
3513049256.jpg,500,313,apple,179,65,304,206
3514397412.jpg,500,333,ford,8,7,496,303
351548830.jpg,500,375,nike,7,19,466,317
3520033212.jpg,334,500,heineken,20,17,316,143
3521287781.jpg,500,340,puma,95,134,178,217
3528741517.jpg,500,375,mini,68,20,389,297
3528942547.jpg,500,322,pepsi,57,57,109,102
3528942547.jpg,500,322,pepsi,329,54,371,98
3531294484.jpg,500,480,sprite,20,53,227,229
3531689273.jpg,500,378,vodafone,293,123,410,214
3534174626.jpg,500,375,citroen,252,175,282,193
3539566827.jpg,500,375,sprite,51,18,76,43
3539566827.jpg,500,375,sprite,60,46,144,93
3539566827.jpg,500,375,sprite,63,97,145,136
3539566827.jpg,500,375,sprite,83,187,170,239
3539566827.jpg,500,375,sprite,101,246,192,301
3539566827.jpg,500,375,sprite,128,315,217,368
3539566827.jpg,500,375,sprite,262,148,300,179
3539566827.jpg,500,375,sprite,263,197,299,234
3539566827.jpg,500,375,sprite,264,300,306,335
3539566827.jpg,500,375,sprite,268,255,300,283
3539566827.jpg,500,375,sprite,308,244,345,275
3539566827.jpg,500,375,sprite,311,195,339,226
3539566827.jpg,500,375,sprite,315,149,343,177
3539566827.jpg,500,375,sprite,353,147,383,175
3539566827.jpg,500,375,sprite,356,241,383,270
3539566827.jpg,500,375,sprite,360,48,388,76
3539566827.jpg,500,375,sprite,389,232,418,259
3539566827.jpg,500,375,sprite,390,187,420,217
3539566827.jpg,500,375,sprite,394,99,421,124
3539566827.jpg,500,375,sprite,401,55,423,79
3539566827.jpg,500,375,sprite,409,144,419,174
3541292073.jpg,300,300,adidas,217,92,271,136
3544071352.jpg,375,500,sprite,92,205,188,280
354643240.jpg,500,331,apple,36,29,265,237
3547613093.jpg,200,200,porsche,8,121,71,194
3547613093.jpg,200,200,porsche,9,5,96,115
3547613093.jpg,200,200,porsche,79,98,119,143
3547613093.jpg,200,200,porsche,81,149,118,191
3547613093.jpg,200,200,porsche,104,4,189,113
3547613093.jpg,200,200,porsche,127,118,188,196
355018646.jpg,340,210,nike,66,24,310,161
3563528611.jpg,500,333,porsche,46,8,433,321
3570522135.jpg,500,375,nbc,103,60,408,243
3571331128.jpg,500,450,nbc,86,13,404,299
3571544780.jpg,500,375,ferrari,72,17,442,372
3577850173.jpg,500,340,citroen,16,243,64,276
3577850173.jpg,500,340,citroen,17,57,66,107
3577850173.jpg,500,340,citroen,24,147,62,181
3577850173.jpg,500,340,citroen,98,141,154,187
3577850173.jpg,500,340,citroen,102,228,156,278
3577850173.jpg,500,340,citroen,113,62,144,88
3577850173.jpg,500,340,citroen,193,234,234,272
3577850173.jpg,500,340,citroen,196,61,231,98
3577850173.jpg,500,340,citroen,203,153,227,171
3577850173.jpg,500,340,citroen,274,48,323,94
3577850173.jpg,500,340,citroen,284,246,317,276
3577850173.jpg,500,340,citroen,358,247,368,259
3577850173.jpg,500,340,citroen,365,54,406,96
3577850173.jpg,500,340,citroen,451,241,488,269
3577850173.jpg,500,340,citroen,452,63,486,95
3578893662.jpg,375,500,pepsi,224,332,250,359
3579477706.jpg,500,375,mini,4,91,469,337
3580857943.jpg,500,333,redbull,96,151,243,262
3580857943.jpg,500,333,redbull,349,159,409,196
3585256422.jpg,500,333,redbull,411,127,458,158
3586306186.jpg,500,251,pepsi,33,34,229,229
3602903123.jpg,500,361,vodafone,247,186,287,215
360966316.jpg,375,500,porsche,14,46,352,462
3618901730.jpg,500,372,redbull,8,83,490,258
3621549337.jpg,500,375,bmw,120,56,383,301
3624592154.jpg,500,281,nike,65,90,177,147
3625726534.jpg,331,500,bmw,59,43,283,266
362712915.jpg,500,334,fedex,84,62,476,213
362855616.jpg,375,500,fedex,115,206,306,274
3645362205.jpg,100,75,ferrari,23,2,74,70
3652933741.jpg,500,375,apple,109,64,393,325
3654131280.jpg,188,59,unicef,7,3,179,54
3654162612.jpg,500,150,unicef,5,13,488,144
3654486044.jpg,500,193,fedex,6,10,484,181
3655901349.jpg,500,281,hp,118,159,168,198
3665300694.jpg,500,332,bmw,183,126,342,216
3667849173.jpg,200,200,nbc,0,0,200,200
3667849273.jpg,336,195,fedex,11,25,321,120
3669539019.jpg,336,195,fedex,11,25,320,123
3674972656.jpg,500,267,puma,227,4,492,210
3675228207.jpg,500,340,intel,0,0,500,340
3678571616.jpg,118,160,puma,62,32,93,57
3682264340.jpg,113,140,unicef,1,3,108,137
3697311253.jpg,472,369,dhl,148,270,322,305
3705989051.jpg,130,80,vodafone,30,3,98,51
3707178119.jpg,500,400,vodafone,9,73,49,100
372180408.jpg,500,375,pepsi,102,23,389,362
3726202356.jpg,500,431,bmw,135,124,321,299
3728967967.jpg,500,333,nbc,147,106,385,291
3729765088.jpg,500,347,mcdonalds,402,183,446,221
3732387125.jpg,500,334,adidas,415,87,430,105
3733440395.jpg,500,342,apple,12,127,74,196
3733440395.jpg,500,342,apple,41,62,143,162
3733440395.jpg,500,342,apple,80,5,206,106
3733440395.jpg,500,342,apple,186,155,227,200
3733440395.jpg,500,342,apple,225,155,252,184
3733440395.jpg,500,342,apple,227,248,262,278
3733440395.jpg,500,342,apple,229,201,262,234
3733440395.jpg,500,342,apple,247,227,270,254
3733440395.jpg,500,342,apple,252,191,275,213
3733440395.jpg,500,342,apple,253,301,280,323
3733440395.jpg,500,342,apple,276,290,292,304
3733440395.jpg,500,342,apple,283,269,302,284
3733440395.jpg,500,342,apple,284,10,316,45
3733440395.jpg,500,342,apple,287,307,314,325
3733440395.jpg,500,342,apple,297,291,312,309
3733440395.jpg,500,342,apple,304,277,321,292
3733440395.jpg,500,342,apple,309,297,326,312
3733440395.jpg,500,342,apple,325,240,346,264
3733440395.jpg,500,342,apple,329,299,351,319
3733440395.jpg,500,342,apple,334,65,361,99
3733440395.jpg,500,342,apple,350,232,379,256
3733440395.jpg,500,342,apple,356,58,389,80
3733440395.jpg,500,342,apple,371,280,396,308
3733440395.jpg,500,342,apple,395,291,423,313
3733440395.jpg,500,342,apple,406,159,419,172
3733440395.jpg,500,342,apple,438,276,462,317
3734516894.jpg,500,313,hp,200,246,276,293
3734548574.jpg,500,313,hp,355,233,380,250
3734587026.jpg,500,313,hp,404,190,454,230
3739623921.jpg,500,409,bmw,43,4,438,398
3743856885.jpg,355,401,intel,5,186,322,394
3745298879.jpg,500,424,ford,27,123,456,288
3752341982.jpg,453,500,nike,65,260,447,418
3759339764.jpg,218,500,cocacola,128,11,187,36
3759339764.jpg,218,500,cocacola,129,467,190,493
3759339764.jpg,218,500,pepsi,12,280,73,327
3759339764.jpg,218,500,pepsi,14,472,80,493
3759339764.jpg,218,500,pepsi,15,425,69,461
3759339764.jpg,218,500,pepsi,16,234,81,276
3759339764.jpg,218,500,pepsi,22,374,67,412
3759339764.jpg,218,500,pepsi,23,335,74,366
3761584256.jpg,334,500,texaco,86,149,283,339
3765988249.jpg,500,375,dhl,33,239,136,266
3766774652.jpg,500,400,apple,86,41,400,254
3767119813.jpg,350,233,intel,189,53,209,82
3767119813.jpg,350,233,intel,204,140,245,166
3776295441.jpg,333,500,texaco,45,171,107,230
3777915073.jpg,500,414,fedex,39,151,109,224
3777915073.jpg,500,414,fedex,296,234,385,265
3778060828.jpg,326,321,starbucks,7,10,303,303
3785668123.jpg,500,500,heineken,321,293,460,430
3786440680.jpg,355,500,heineken,211,353,320,465
3786492252.jpg,354,500,heineken,5,5,88,113
3788581334.jpg,500,111,dhl,27,4,474,104
3792061769.jpg,500,495,ferrari,62,24,426,486
3797114221.jpg,250,90,yahoo,1,6,217,58
3800082210.jpg,410,455,heineken,1,4,406,451
3817452506.jpg,150,107,vodafone,36,4,113,72
3818214962.jpg,500,375,texaco,150,77,357,262
3820383802.jpg,158,104,unicef,20,3,136,102
3828086787.jpg,150,53,dhl,6,3,143,44
3831371619.jpg,500,375,heineken,92,124,176,232
3831371619.jpg,500,375,heineken,238,123,324,229
3831371619.jpg,500,375,heineken,321,124,405,241
3834509832.jpg,500,221,vodafone,135,157,166,188
3835918737.jpg,500,375,mcdonalds,167,12,343,150
3836904950.jpg,400,400,nike,8,128,389,311
3841255177.jpg,500,333,starbucks,24,183,181,327
3841255177.jpg,500,333,starbucks,182,177,327,323
3841255177.jpg,500,333,starbucks,327,177,474,318
3846421099.jpg,500,333,ford,86,60,413,191
3850753534.jpg,500,314,sprite,122,199,211,261
3854044541.jpg,500,312,yahoo,203,189,327,264
3854044541.jpg,500,312,yahoo,270,196,322,213
3858957735.jpg,500,375,mcdonalds,202,85,327,185
3860951501.jpg,500,333,heineken,210,194,295,250
386268634.jpg,333,500,cocacola,117,227,165,255
386268634.jpg,333,500,cocacola,118,170,165,196
386268634.jpg,333,500,cocacola,223,289,272,313
386268634.jpg,333,500,cocacola,225,227,270,253
386268634.jpg,333,500,cocacola,226,173,271,197
386891249.jpg,500,64,yahoo,156,10,310,49
386891274.jpg,500,63,yahoo,151,10,308,45
3872220190.jpg,500,332,sprite,115,227,155,256
3872220190.jpg,500,332,sprite,161,86,191,118
3880542136.jpg,500,375,mcdonalds,4,4,428,361
3880700257.jpg,167,500,pepsi,9,362,60,394
3880700257.jpg,167,500,pepsi,11,476,62,497
3880700257.jpg,167,500,pepsi,13,440,51,465
3880700257.jpg,167,500,pepsi,15,259,54,289
388483008.jpg,462,500,starbucks,18,27,436,445
3888553492.jpg,500,333,puma,249,43,473,231
3889420667.jpg,500,236,google,21,29,219,185
3889420667.jpg,500,236,google,303,19,480,225
389081363.jpg,500,375,starbucks,68,16,288,315
389081363.jpg,500,375,starbucks,362,98,482,338
3890972492.jpg,500,375,heineken,358,198,477,263
3892997631.jpg,332,500,nike,10,434,92,481
3895511729.jpg,500,375,puma,203,36,496,305
3900599890.jpg,500,333,starbucks,163,82,329,237
390297596.jpg,237,71,yahoo,5,7,227,59
390321909.jpg,104,89,adidas,13,5,89,60
3904333688.jpg,500,209,google,6,4,481,181
3905787011.jpg,190,54,yahoo,6,3,183,44
3906521939.jpg,375,500,texaco,84,112,263,254
3906524725.jpg,500,500,texaco,177,228,295,339
3907298910.jpg,500,441,texaco,160,148,261,250
3907299992.jpg,500,350,texaco,201,169,299,255
3907306056.jpg,500,342,texaco,200,192,287,276
3907306684.jpg,500,375,texaco,112,53,395,305
3907307172.jpg,500,375,texaco,121,62,393,314
391805226.jpg,445,500,cocacola,94,159,174,275
3930801475.jpg,500,370,hp,214,57,435,283
3933416555.jpg,500,333,mcdonalds,201,104,260,155
3947084971.jpg,500,120,unicef,8,4,480,117
3948869874.jpg,500,333,nike,185,200,300,254
3950663671.jpg,351,151,yahoo,175,24,240,41
3951357997.jpg,500,261,redbull,21,2,491,180
3953073564.jpg,500,234,cocacola,2,4,302,103
3953073564.jpg,500,234,cocacola,173,131,497,231
3953312516.jpg,500,248,sprite,18,67,193,183
3953312516.jpg,500,248,sprite,308,87,453,190
3958261033.jpg,500,194,google,18,6,476,163
3960429630.jpg,500,375,heineken,249,134,305,217
3960429630.jpg,500,375,heineken,305,126,376,212
3963201475.jpg,500,399,nike,50,67,456,279
3967091276.jpg,354,500,ferrari,22,38,296,455
3969698402.jpg,500,333,heineken,104,56,375,221
3969698402.jpg,500,333,heineken,108,4,373,323
397194032.jpg,500,375,puma,217,8,320,74
3972897298.jpg,180,30,yahoo,117,10,179,27
3979038472.jpg,500,375,ferrari,215,317,316,372
3981421654.jpg,500,332,citroen,216,37,279,78
3988463526.jpg,500,332,redbull,127,187,311,284
3992886999.jpg,437,408,yahoo,80,194,170,243
399293334.jpg,206,187,citroen,38,4,164,126
4002343429.jpg,500,333,mini,179,74,363,248
4006128651.jpg,250,200,mcdonalds,8,4,226,187
4006894378.jpg,250,200,fedex,20,52,243,155
4013254976.jpg,103,94,heineken,2,8,98,87
4018954001.jpg,400,330,hp,10,21,362,257
4023480867.jpg,364,500,cocacola,19,232,345,405
4027042513.jpg,375,500,sprite,149,199,250,247
40394187.jpg,80,96,hp,1,18,76,82
4043571759.jpg,500,334,nike,325,90,348,115
4049367740.jpg,434,500,sprite,276,152,334,193
4056335981.jpg,500,179,fedex,2,18,496,168
4061203190.jpg,500,375,adidas,181,48,260,103
4061203382.jpg,449,500,adidas,155,206,241,252
4061675184.jpg,500,397,adidas,274,132,326,186
406184685.jpg,500,338,fedex,155,88,352,211
406184685.jpg,500,338,fedex,396,57,493,171
4064818171.jpg,500,286,mini,54,6,469,277
4077900663.jpg,375,500,porsche,95,161,260,381
4079945682.jpg,500,333,texaco,204,171,288,250
4080113868.jpg,322,128,google,17,14,296,117
4109425486.jpg,498,500,redbull,48,222,440,353
4115509028.jpg,500,333,ferrari,211,207,268,253
4120098544.jpg,500,387,yahoo,4,83,492,248
4122049731.jpg,483,500,vodafone,52,3,116,41
4129431162.jpg,500,331,citroen,110,44,396,310
413894023.jpg,446,500,intel,80,85,371,271
4146264467.jpg,500,375,puma,236,17,444,185
4150061002.jpg,324,163,fedex,6,5,322,117
4152379789.jpg,375,500,vodafone,1,253,54,296
4152379789.jpg,375,500,vodafone,2,379,52,440
4152379789.jpg,375,500,vodafone,3,202,62,246
4152379789.jpg,375,500,vodafone,9,149,66,188
4152379789.jpg,375,500,vodafone,17,100,72,142
4152379789.jpg,375,500,vodafone,32,64,76,92
4152379789.jpg,375,500,vodafone,50,25,78,51
4152379789.jpg,375,500,vodafone,53,386,125,436
4152379789.jpg,375,500,vodafone,56,309,131,368
4152379789.jpg,375,500,vodafone,67,262,129,303
4152379789.jpg,375,500,vodafone,74,207,130,249
4152379789.jpg,375,500,vodafone,76,375,116,419
4152379789.jpg,375,500,vodafone,80,162,131,195
4152379789.jpg,375,500,vodafone,83,119,132,141
4152379789.jpg,375,500,vodafone,93,5,157,52
4152379789.jpg,375,500,vodafone,102,80,135,98
4152379789.jpg,375,500,vodafone,105,42,128,62
4152379789.jpg,375,500,vodafone,129,388,200,449
4152379789.jpg,375,500,vodafone,136,50,198,93
4152379789.jpg,375,500,vodafone,138,384,184,426
4152379789.jpg,375,500,vodafone,139,174,184,209
4152379789.jpg,375,500,vodafone,140,266,193,315
4152379789.jpg,375,500,vodafone,142,13,191,55
4152379789.jpg,375,500,vodafone,144,220,175,243
4152379789.jpg,375,500,vodafone,148,82,176,112
4152379789.jpg,375,500,vodafone,156,325,192,361
4152379789.jpg,375,500,vodafone,184,31,238,61
4152379789.jpg,375,500,vodafone,193,233,256,281
4152379789.jpg,375,500,vodafone,195,57,249,98
4152379789.jpg,375,500,vodafone,200,144,245,173
4152379789.jpg,375,500,vodafone,207,191,250,230
4152379789.jpg,375,500,vodafone,209,414,255,450
4152379789.jpg,375,500,vodafone,210,293,255,334
4152379789.jpg,375,500,vodafone,224,351,260,388
4152379789.jpg,375,500,vodafone,237,34,288,75
4152379789.jpg,375,500,vodafone,244,104,304,147
4152379789.jpg,375,500,vodafone,250,71,292,109
4152379789.jpg,375,500,vodafone,252,155,307,190
4152379789.jpg,375,500,vodafone,267,195,311,232
4152379789.jpg,375,500,vodafone,280,45,337,85
4152379789.jpg,375,500,vodafone,281,297,318,329
4152379789.jpg,375,500,vodafone,288,417,333,467
4152379789.jpg,375,500,vodafone,289,358,334,393
4152379789.jpg,375,500,vodafone,293,86,353,122
4152379789.jpg,375,500,vodafone,306,119,358,161
4152379789.jpg,375,500,vodafone,311,161,360,196
4152379789.jpg,375,500,vodafone,322,207,365,244
4152379789.jpg,375,500,vodafone,337,253,364,280
4152379789.jpg,375,500,vodafone,342,303,371,338
4152834821.jpg,243,134,redbull,4,1,241,131
4162347545.jpg,320,480,cocacola,57,180,302,263
4162862374.jpg,500,332,hp,79,139,137,173
4169127109.jpg,332,500,heineken,13,48,160,173
4169127109.jpg,332,500,heineken,41,168,127,226
4177800765.jpg,42,29,vodafone,1,4,40,26
4181108300.jpg,320,480,apple,152,271,170,292
4185417313.jpg,500,334,porsche,226,95,403,285
4185986382.jpg,500,500,vodafone,1,91,226,364
418635708.jpg,188,215,apple,4,5,176,207
4191201241.jpg,500,332,starbucks,3,71,448,327
4191547874.jpg,468,255,nbc,248,7,344,69
4195591095.jpg,500,500,nbc,182,13,314,123
4199842585.jpg,500,308,citroen,131,29,358,268
4200918689.jpg,500,164,cocacola,2,3,492,159
4205812739.jpg,500,359,nbc,39,39,476,227
4206331221.jpg,500,333,porsche,187,27,388,279
4208076672.jpg,300,364,porsche,5,4,296,361
4210274024.jpg,500,393,apple,143,13,384,224
4211723460.jpg,320,480,apple,130,208,187,273
4211723698.jpg,320,480,apple,14,112,120,351
4211723816.jpg,320,480,apple,110,157,175,229
4213412628.jpg,500,477,porsche,170,166,312,337
4213622833.jpg,370,500,sprite,255,341,279,371
4218731913.jpg,500,333,ford,117,218,245,286
4218732095.jpg,500,333,ford,113,142,484,278
4219499546.jpg,500,333,ford,105,225,320,315
4219499614.jpg,500,333,ford,44,125,407,285
4223850527.jpg,500,375,texaco,67,17,447,325
4225050520.jpg,500,293,redbull,5,20,492,258
4226875900.jpg,500,375,citroen,185,48,404,229
4226875900.jpg,500,375,citroen,363,240,430,328
4233825758.jpg,500,485,citroen,73,44,462,403
4250525590.jpg,500,154,dhl,7,3,492,104
4253102363.jpg,500,500,citroen,28,86,438,389
4253102363.jpg,500,500,citroen,82,99,401,311
4253115679.jpg,500,500,ford,33,169,459,333
4253420625.jpg,500,500,bmw,27,32,477,459
4254091188.jpg,500,500,mini,15,152,479,353
4257763673.jpg,500,334,puma,233,100,281,136
4261671591.jpg,500,353,heineken,264,26,341,102
427097328.jpg,500,333,mini,128,122,358,215
427099501.jpg,500,333,mini,39,66,470,260
427128537.jpg,500,333,bmw,143,70,363,258
4280085481.jpg,500,333,ford,217,153,278,182
428085258.jpg,500,375,google,42,116,457,270
4283515433.jpg,500,333,unicef,26,215,64,230
4283515433.jpg,500,333,unicef,85,170,123,182
4283515433.jpg,500,333,unicef,113,208,120,217
4283515483.jpg,500,333,unicef,147,60,227,104
4283515483.jpg,500,333,unicef,162,131,205,160
4283515483.jpg,500,333,unicef,204,119,229,156
4283515483.jpg,500,333,unicef,311,55,344,87
4283515483.jpg,500,333,unicef,315,112,347,154
4283515483.jpg,500,333,unicef,352,8,496,72
4283515483.jpg,500,333,unicef,354,100,496,172
4283515483.jpg,500,333,unicef,356,220,495,296
4284675151.jpg,500,355,unicef,270,119,347,156
4288066329.jpg,500,333,unicef,191,166,288,198
4290942909.jpg,500,333,texaco,415,2,480,70
42948260.jpg,200,200,sprite,10,6,184,181
4310191138.jpg,500,333,unicef,150,189,219,215
4310191138.jpg,500,333,unicef,376,171,422,191
4315831502.jpg,333,500,porsche,52,149,274,397
4316401444.jpg,500,325,dhl,84,94,187,164
4316555119.jpg,500,333,nike,125,98,437,206
4319198593.jpg,500,333,texaco,64,39,380,277
4329940418.jpg,500,313,bmw,199,20,319,104
4330810490.jpg,500,396,sprite,134,209,201,265
4330810490.jpg,500,396,sprite,250,230,329,292
4336482746.jpg,375,500,adidas,16,194,246,351
4346142355.jpg,500,332,unicef,21,94,75,129
4346142355.jpg,500,332,unicef,250,18,292,44
4346890164.jpg,500,332,unicef,201,27,394,166
4347515520.jpg,216,71,fedex,1,3,213,69
4348579451.jpg,500,332,unicef,113,230,176,259
4348579451.jpg,500,332,unicef,176,273,278,321
4348579451.jpg,500,332,unicef,263,113,296,132
4353886132.jpg,500,112,google,137,16,345,99
43608011.jpg,146,92,mini,18,13,110,56
436255718.jpg,500,333,dhl,87,132,199,177
4365790620.jpg,500,374,mcdonalds,71,25,437,291
43671206.jpg,335,500,ferrari,89,146,223,323
4367483371.jpg,500,500,texaco,44,11,441,392
4369857005.jpg,375,500,sprite,1,211,115,402
4370721779.jpg,333,500,citroen,24,2,301,284
4371354206.jpg,500,332,unicef,343,127,357,154
4371354206.jpg,500,332,unicef,346,168,412,201
4373836086.jpg,353,500,heineken,120,151,234,261
4376175015.jpg,500,353,nike,5,161,112,217
4376175015.jpg,500,353,nike,7,56,111,102
4376175015.jpg,500,353,nike,8,294,111,334
4376175015.jpg,500,353,nike,112,40,237,97
4376175015.jpg,500,353,nike,122,144,235,221
4376175015.jpg,500,353,nike,258,205,318,229
4376175015.jpg,500,353,nike,353,27,475,89
4376175015.jpg,500,353,nike,381,215,472,262
4379408143.jpg,455,500,nbc,299,381,452,478
4384704926.jpg,500,375,ford,77,144,378,264
4387407495.jpg,500,288,sprite,23,105,319,268
4387407495.jpg,500,288,sprite,339,78,429,197
4400566703.jpg,333,500,bmw,144,282,237,359
4405304896.jpg,500,334,heineken,246,171,348,302
4405304896.jpg,500,334,heineken,361,161,464,292
4406609329.jpg,500,333,unicef,230,299,279,328
4408640253.jpg,500,333,unicef,41,65,87,95
4408640253.jpg,500,333,unicef,100,56,182,97
4416492947.jpg,500,375,nike,21,38,145,106
4416492947.jpg,500,375,nike,163,41,292,106
4416492947.jpg,500,375,nike,316,41,441,106
4417603925.jpg,500,375,ford,153,193,272,246
4422086623.jpg,500,286,ford,61,60,440,215
442337651.jpg,500,281,apple,178,60,324,193
4425356623.jpg,500,500,mcdonalds,184,281,319,384
4426526983.jpg,500,375,porsche,128,3,387,313
4427242482.jpg,320,320,cocacola,6,84,305,206
4429895221.jpg,200,214,redbull,4,2,195,65
4434414.jpg,500,400,vodafone,73,35,475,285
4434414.jpg,500,400,vodafone,172,49,357,180
4435973547.jpg,500,333,bmw,1,1,313,325
444194253.jpg,500,374,starbucks,51,21,446,365
4443388098.jpg,500,334,mini,57,66,435,220
4445560611.jpg,500,330,unicef,284,173,338,204
444595750.jpg,500,334,nbc,135,30,371,276
4448830339.jpg,500,375,cocacola,209,6,238,19
4449281604.jpg,500,397,citroen,80,30,395,329
4449683069.jpg,500,375,ferrari,114,35,359,342
4451970390.jpg,500,500,cocacola,14,77,491,294
4453898896.jpg,100,100,hp,20,45,84,89
4456691378.jpg,375,500,texaco,43,32,327,292
4458514217.jpg,500,333,heineken,82,32,259,288
447227594.jpg,334,500,heineken,113,194,201,262
4472726837.jpg,500,414,porsche,70,46,437,368
4479087754.jpg,310,500,hp,114,110,174,187
4479087754.jpg,310,500,hp,153,170,199,216
4486111617.jpg,500,375,sprite,133,64,333,126
4486111617.jpg,500,375,sprite,164,274,312,320
4486111617.jpg,500,375,sprite,205,5,254,34
4486111617.jpg,500,375,sprite,405,37,437,83
4486111617.jpg,500,375,sprite,450,287,496,337
4491308340.jpg,300,161,porsche,97,3,203,117
4493513795.jpg,500,333,google,130,114,350,201
4499338915.jpg,500,365,adidas,72,20,392,210
4505787674.jpg,300,168,mini,3,20,294,146
4506432358.jpg,300,161,porsche,102,2,200,116
4507852944.jpg,300,161,porsche,95,3,212,118
4512438754.jpg,428,321,cocacola,151,109,279,158
451265524.jpg,375,500,adidas,195,179,244,215
452091543.jpg,350,261,porsche,90,94,170,176
4524715145.jpg,332,500,puma,93,397,136,431
4524715145.jpg,332,500,puma,106,282,131,300
4524715145.jpg,332,500,puma,210,286,234,303
4525736729.jpg,500,351,redbull,43,202,151,276
4534861651.jpg,300,180,porsche,160,13,291,165
4537956983.jpg,300,180,porsche,155,14,278,158
4537970631.jpg,300,180,porsche,91,18,205,156
455131100.jpg,500,328,mini,78,83,405,218
455162201.jpg,155,22,dhl,2,1,153,20
4553341804.jpg,500,500,heineken,348,67,383,86
4553341804.jpg,500,500,heineken,423,63,457,86
4559666515.jpg,500,386,redbull,171,170,256,209
4559666515.jpg,500,386,redbull,352,176,439,225
4559760305.jpg,500,229,bmw,313,15,486,180
4563793158.jpg,500,324,redbull,29,144,95,173
4563793158.jpg,500,324,redbull,190,145,253,170
4563793158.jpg,500,324,redbull,345,145,403,174
456474304.jpg,500,375,ferrari,116,5,425,348
4570784808.jpg,400,240,texaco,35,135,132,190
4570784808.jpg,400,240,texaco,145,114,236,193
4570784808.jpg,400,240,texaco,207,10,287,93
4570784808.jpg,400,240,texaco,254,119,354,208
4570784808.jpg,400,240,texaco,304,6,384,89
4573390606.jpg,500,242,nike,8,6,476,214
4576205927.jpg,500,332,starbucks,33,103,171,243
4576205927.jpg,500,332,starbucks,179,102,313,242
4576205927.jpg,500,332,starbucks,321,100,459,236
4578493801.jpg,345,500,ferrari,112,283,284,433
4581405295.jpg,375,500,ferrari,131,318,315,475
4582547170.jpg,500,200,google,16,11,497,196
4582547214.jpg,500,179,google,11,4,473,173
4583055527.jpg,500,297,google,135,64,388,153
4583055527.jpg,500,297,google,138,173,271,224
4584588907.jpg,500,290,google,109,10,378,112
4585454903.jpg,500,336,bmw,174,136,306,257
4598657721.jpg,500,418,porsche,56,45,408,339
4599548273.jpg,134,42,dhl,1,2,131,38
4600427219.jpg,500,300,intel,334,162,378,193
4602079969.jpg,365,444,heineken,23,30,338,417
4605631045.jpg,500,375,adidas,347,126,446,197
4618294181.jpg,500,334,bmw,167,81,424,290
4621612035.jpg,333,500,ferrari,22,19,294,475
4621621793.jpg,500,333,unicef,299,66,344,77
4623943974.jpg,500,306,heineken,151,5,385,96
4641707954.jpg,430,150,fedex,80,20,329,98
4645582512.jpg,500,381,intel,363,7,488,110
4653393540.jpg,500,489,pepsi,11,11,486,478
4669468410.jpg,500,154,dhl,6,1,486,99
468087631.jpg,333,500,hp,113,154,156,200
468087631.jpg,333,500,hp,164,151,205,199
4682534504.jpg,180,30,yahoo,125,16,177,27
4684596669.jpg,187,163,unicef,48,105,139,122
4690656866.jpg,500,368,vodafone,49,242,145,276
4690656866.jpg,500,368,vodafone,222,167,304,211
4694467394.jpg,221,43,yahoo,139,13,199,40
4698952282.jpg,500,240,bmw,30,21,197,231
4701866293.jpg,500,375,nbc,260,135,471,304
4702500410.jpg,500,375,nbc,6,14,496,342
470289641.jpg,339,500,apple,133,108,188,162
470289641.jpg,339,500,apple,145,357,195,411
4707086638.jpg,500,333,redbull,270,236,350,286
4720150629.jpg,500,358,citroen,89,58,368,229
4721737396.jpg,500,122,intel,170,50,257,104
4724828428.jpg,500,439,nbc,336,149,403,231
4731055503.jpg,500,332,nike,62,24,114,51
4737345823.jpg,500,375,fedex,26,52,458,213
4743157495.jpg,500,333,citroen,9,168,187,309
474572183.jpg,500,343,cocacola,447,149,494,185
4749057567.jpg,500,491,apple,41,19,468,432
4749623965.jpg,500,375,fedex,32,85,469,236
4750267378.jpg,400,300,sprite,36,56,341,250
4752700666.jpg,303,500,ferrari,87,318,185,429
4756751062.jpg,500,500,pepsi,179,117,319,255
4757315595.jpg,500,375,mcdonalds,71,205,147,271
4757315595.jpg,500,375,mcdonalds,228,153,265,185
4758382348.jpg,500,453,ferrari,9,23,473,430
4759888406.jpg,276,110,google,2,3,275,106
4761260517.jpg,400,500,adidas,43,122,358,354
4763207899.jpg,500,465,adidas,40,9,98,45
4763207899.jpg,500,465,adidas,44,286,84,307
4763207899.jpg,500,465,adidas,161,11,217,48
4763207899.jpg,500,465,adidas,169,290,211,312
4763207899.jpg,500,465,adidas,285,303,337,338
4763207899.jpg,500,465,adidas,287,4,327,30
4763207899.jpg,500,465,adidas,396,298,451,337
4763207899.jpg,500,465,adidas,405,5,446,31
4763209871.jpg,500,500,adidas,88,66,139,95
4763209871.jpg,500,500,adidas,105,275,132,293
4763209871.jpg,500,500,adidas,185,67,230,95
4763209871.jpg,500,500,adidas,197,278,227,295
4763209871.jpg,500,500,adidas,276,288,322,315
4763209871.jpg,500,500,adidas,285,62,315,80
4763209871.jpg,500,500,adidas,365,284,406,312
4763209871.jpg,500,500,adidas,373,61,410,80
4763210295.jpg,500,500,adidas,83,63,130,93
4763210295.jpg,500,500,adidas,91,288,125,306
4763210295.jpg,500,500,adidas,182,63,229,94
4763210295.jpg,500,500,adidas,192,291,225,306
4763210295.jpg,500,500,adidas,285,61,317,79
4763210295.jpg,500,500,adidas,377,292,421,324
4763210295.jpg,500,500,adidas,383,55,416,76
4763847308.jpg,500,465,adidas,35,3,97,45
4763847308.jpg,500,465,adidas,49,286,90,309
4763847308.jpg,500,465,adidas,158,7,219,46
4763847308.jpg,500,465,adidas,169,287,213,316
4763847308.jpg,500,465,adidas,282,296,339,337
4763847308.jpg,500,465,adidas,286,5,324,31
4763847308.jpg,500,465,adidas,393,295,450,335
4763847308.jpg,500,465,adidas,407,2,446,34
4764653103.jpg,500,332,dhl,144,147,178,163
4764653103.jpg,500,332,dhl,255,121,336,178
4771691508.jpg,500,333,unicef,316,198,340,228
4771691508.jpg,500,333,unicef,332,308,424,329
4771691508.jpg,500,333,unicef,428,194,492,219
4771735876.jpg,500,350,unicef,40,113,123,143
4771735876.jpg,500,350,unicef,285,114,429,150
4771736332.jpg,500,332,unicef,211,176,221,197
4771736332.jpg,500,332,unicef,404,310,423,321
4788413611.jpg,500,334,ford,197,84,240,118
490597155.jpg,500,213,mcdonalds,4,3,175,167
498161252.jpg,500,332,puma,9,11,496,325
50082240.jpg,500,378,vodafone,287,76,334,133
50082240.jpg,500,378,vodafone,431,81,487,133
50302921.jpg,150,53,google,5,3,146,47
50471578.jpg,232,60,yahoo,1,2,221,39
513227877.jpg,500,400,ferrari,138,92,361,306
513620863.jpg,438,500,nike,60,204,199,295
513620863.jpg,438,500,nike,77,192,120,216
516366872.jpg,500,333,intel,79,31,346,191
51660550.jpg,500,500,dhl,370,185,497,231
51660551.jpg,500,500,dhl,286,263,444,317
51660552.jpg,500,500,dhl,149,253,207,270
51660552.jpg,500,500,dhl,263,159,450,252
538649986.jpg,375,500,porsche,66,168,317,365
542894584.jpg,375,500,cocacola,125,307,171,335
542894584.jpg,375,500,cocacola,126,190,172,217
542894584.jpg,375,500,cocacola,128,133,178,159
542894584.jpg,375,500,cocacola,231,248,278,278
542894584.jpg,375,500,cocacola,232,131,280,160
542894584.jpg,375,500,cocacola,235,193,282,217
557839607.jpg,375,500,nbc,132,96,214,188
582467906.jpg,500,375,intel,71,24,386,277
605288903.jpg,500,375,nike,395,103,457,138
653466096.jpg,372,500,citroen,117,97,225,231
704793401.jpg,375,500,sprite,12,50,355,455
744776649.jpg,500,375,ford,24,87,355,272
7787186.jpg,500,375,adidas,67,16,440,275
779749903.jpg,500,375,nbc,57,26,461,365
786529071.jpg,500,332,heineken,395,94,427,144
788959598.jpg,375,500,ferrari,118,255,260,407
791925651.jpg,100,87,adidas,1,3,96,74
79556016.jpg,115,137,intel,3,3,103,71
82412168.jpg,247,65,yahoo,4,2,232,45
82413169.jpg,261,60,yahoo,31,5,228,47
844909343.jpg,500,375,nbc,2,27,496,358
87630579.jpg,375,500,cocacola,12,267,172,352
879397507.jpg,500,333,ford,49,106,159,162
882748860.jpg,500,298,nbc,123,23,356,249
89201664.jpg,500,333,mcdonalds,10,2,492,318
96668817.jpg,88,35,puma,36,2,86,28
98498585.jpg,500,375,porsche,133,72,382,322
99816106.jpg,500,333,puma,164,35,390,246
adidas1.jpg,1600,1066,adidas,567,408,730,563
adidas10.jpg,960,537,adidas,616,7,774,118
adidas11.jpg,500,328,adidas,283,69,369,127
adidas12.jpg,550,348,adidas,110,59,180,92
adidas13.jpg,480,300,adidas,270,40,298,64
adidas14.jpg,580,330,adidas,151,38,421,104
adidas15.jpg,620,411,adidas,90,77,132,127
adidas16.jpg,640,481,adidas,244,268,408,356
adidas17.jpg,640,427,adidas,316,78,353,119
adidas18.jpg,338,220,adidas,88,28,120,50
adidas19.jpg,632,425,adidas,261,106,369,147
adidas2.jpg,980,490,adidas,173,16,752,368
adidas20.jpg,567,376,adidas,263,119,327,163
adidas21.jpg,1000,1000,adidas,461,451,790,761
adidas22.jpg,400,400,adidas,124,107,150,132
adidas23.jpg,635,480,adidas,250,52,378,142
adidas24.jpg,640,480,adidas,34,164,152,248
adidas25.jpg,640,480,adidas,460,321,543,377
adidas26.jpg,640,426,adidas,6,244,158,350
adidas27.jpg,960,715,adidas,86,296,229,407
adidas28.jpg,500,500,adidas,195,136,469,203
adidas29.jpg,1000,750,adidas,608,214,648,247
adidas3.jpg,800,800,adidas,309,122,479,242
adidas30.jpg,640,578,adidas,5,93,305,375
adidas31.jpg,500,334,adidas,114,14,224,124
adidas32.jpg,543,503,adidas,195,86,329,173
adidas33.jpg,640,640,adidas,204,458,395,562
adidas34.jpg,500,500,adidas,107,202,255,305
adidas35.jpg,640,480,adidas,216,163,381,297
adidas36.jpg,640,427,adidas,286,80,327,108
adidas37.jpg,640,426,adidas,197,29,292,89
adidas38.jpg,640,425,adidas,408,251,526,332
adidas39.jpg,640,425,adidas,320,239,456,310
adidas4.jpg,1280,719,adidas,557,373,820,553
adidas40.jpg,640,426,adidas,233,9,475,179
adidas41.jpg,600,398,adidas,144,125,246,157
adidas42.jpg,640,480,adidas,75,112,584,262
adidas43.jpg,640,427,adidas,220,152,360,301
adidas44.jpg,320,240,adidas,1,4,101,60
adidas45.jpg,640,427,adidas,142,59,347,293
adidas46.jpg,800,406,adidas,402,171,539,305
adidas47.jpg,640,427,adidas,253,79,561,325
adidas48.jpg,640,427,adidas,230,199,425,318
adidas49.jpg,640,427,adidas,246,187,304,203
adidas5.jpg,640,966,adidas,145,207,404,311
adidas50.jpg,640,481,adidas,78,18,273,210
adidas51.jpg,640,480,adidas,438,286,541,343
adidas52.jpg,640,480,adidas,219,140,467,271
adidas53.jpg,640,233,adidas,4,10,134,99
adidas54.jpg,640,480,adidas,93,375,298,434
adidas55.jpg,808,606,adidas,398,243,652,413
adidas56.jpg,640,359,adidas,202,151,300,241
adidas57.jpg,640,428,adidas,129,141,254,230
adidas58.jpg,640,480,adidas,307,239,477,333
adidas59.jpg,640,480,adidas,312,273,376,332
adidas6.jpg,800,800,adidas,46,9,202,113
adidas60.jpg,640,374,adidas,257,94,338,164
adidas61.jpg,480,640,adidas,138,320,338,461
adidas62.jpg,500,500,adidas,281,156,370,230
adidas63.jpg,648,648,adidas,336,330,414,393
adidas64.jpg,590,590,adidas,202,483,229,506
adidas65.jpg,500,500,adidas,155,110,215,168
adidas66.jpg,640,426,adidas,169,221,402,332
adidas67.jpg,468,277,adidas,77,153,177,246
adidas68.jpg,640,427,adidas,194,157,332,234
adidas69.jpg,400,600,adidas,287,32,367,91
adidas7.jpg,620,435,adidas,119,230,246,323
adidas70.jpg,640,482,adidas,123,240,215,323
adidas8.jpg,1300,1300,adidas,457,708,820,927
adidas9.jpg,500,630,adidas,209,298,219,337
chanel1.jpg,640,427,chanel,343,9,423,84
chanel10.jpg,640,480,chanel,243,151,470,333
chanel11.jpg,640,480,chanel,306,227,369,286
chanel12.jpg,640,521,chanel,134,272,248,368
chanel13.jpg,389,584,chanel,132,308,229,351
chanel14.jpg,500,281,chanel,176,102,203,130
chanel15.jpg,500,336,chanel,243,151,290,190
chanel16.jpg,263,349,chanel,119,154,142,185
chanel17.jpg,640,429,chanel,343,204,436,290
chanel18.jpg,640,425,chanel,305,136,542,302
chanel19.jpg,640,480,chanel,160,2,629,299
chanel2.jpg,640,426,chanel,237,80,449,233
chanel20.jpg,483,500,chanel,144,168,306,328
chanel21.jpg,375,500,chanel,177,381,220,418
chanel22.jpg,333,500,chanel,134,233,187,276
chanel23.jpg,750,500,chanel,347,223,406,282
chanel24.jpg,640,480,chanel,163,122,416,289
chanel25.jpg,550,413,chanel,341,158,387,219
chanel26.jpg,640,428,chanel,123,147,161,178
chanel27.jpg,375,500,chanel,3,201,276,399
chanel28.jpg,500,459,chanel,216,281,268,336
chanel29.jpg,478,640,chanel,95,386,229,479
chanel3.jpg,500,500,chanel,228,125,288,181
chanel30.jpg,640,427,chanel,105,122,181,189
chanel31.jpg,600,450,chanel,212,216,429,374
chanel32.jpg,640,427,chanel,174,94,225,133
chanel33.jpg,605,396,chanel,184,101,272,150
chanel34.jpg,640,428,chanel,301,237,448,353
chanel35.jpg,426,640,chanel,66,360,147,423
chanel36.jpg,500,333,chanel,308,163,342,193
chanel37.jpg,500,334,chanel,232,191,270,220
chanel38.jpg,500,333,chanel,97,40,178,92
chanel39.jpg,400,266,chanel,103,52,248,160
chanel4.jpg,604,376,chanel,356,268,479,375
chanel40.jpg,622,415,chanel,310,205,356,244
chanel41.jpg,500,324,chanel,180,208,217,240
chanel42.jpg,500,333,chanel,234,154,262,178
chanel43.jpg,425,640,chanel,202,146,247,184
chanel44.jpg,300,300,chanel,76,138,223,245
chanel45.jpg,640,546,chanel,287,234,379,317
chanel46.jpg,640,480,chanel,133,167,348,362
chanel47.jpg,640,427,chanel,264,175,371,258
chanel48.jpg,640,426,chanel,248,144,304,199
chanel49.jpg,427,640,chanel,226,218,297,278
chanel5.jpg,640,427,chanel,229,176,365,290
chanel50.jpg,605,434,chanel,78,173,160,243
chanel51.jpg,500,395,chanel,98,205,121,240
chanel52.jpg,640,428,chanel,108,3,548,399
chanel53.jpg,640,428,chanel,144,90,462,313
chanel54.jpg,640,434,chanel,299,66,375,129
chanel55.jpg,640,491,chanel,194,69,434,252
chanel56.jpg,640,480,chanel,304,134,397,203
chanel57.jpg,640,426,chanel,285,315,335,353
chanel58.jpg,500,447,chanel,246,247,284,279
chanel59.jpg,640,480,chanel,60,262,132,350
chanel6.jpg,640,480,chanel,155,220,206,257
chanel60.jpg,640,480,chanel,250,276,328,321
chanel61.jpg,640,427,chanel,254,153,383,249
chanel62.jpg,474,315,chanel,58,100,404,235
chanel63.jpg,622,469,chanel,255,225,338,304
chanel64.jpg,525,352,chanel,121,129,245,240
chanel65.jpg,837,505,chanel,491,211,585,285
chanel66.jpg,458,509,chanel,124,88,397,238
chanel67.jpg,368,398,chanel,148,160,344,288
chanel68.jpg,459,447,chanel,166,270,285,385
chanel69.jpg,284,419,chanel,77,201,116,250
chanel7.jpg,640,480,chanel,288,224,354,277
chanel70.jpg,347,384,chanel,45,192,193,327
chanel8.jpg,693,459,chanel,240,5,407,148
chanel9.jpg,640,479,chanel,211,140,441,318
Gucci1.jpg,615,409,gucci,261,168,359,205
Gucci10.jpg,300,300,gucci,27,35,279,80
Gucci11.jpg,532,640,gucci,177,454,426,544
Gucci12.jpg,577,444,gucci,187,40,359,91
Gucci13.jpg,375,500,gucci,67,280,125,325
Gucci14.jpg,500,391,gucci,222,175,304,199
Gucci15.jpg,640,466,gucci,13,145,626,317
Gucci16.jpg,654,357,gucci,35,102,616,228
Gucci17.jpg,640,428,gucci,313,253,467,285
Gucci18.jpg,640,426,gucci,193,237,493,353
Gucci19.jpg,627,433,gucci,218,60,453,128
Gucci2.jpg,500,375,gucci,317,176,394,207
Gucci20.jpg,640,425,gucci,156,28,615,409
Gucci21.jpg,640,480,gucci,322,160,400,179
Gucci22.jpg,558,535,gucci,344,151,398,517
Gucci23.jpg,1017,673,gucci,1,296,121,321
Gucci24.jpg,640,423,gucci,390,213,507,248
Gucci25.jpg,640,426,gucci,47,114,520,262
Gucci26.jpg,640,427,gucci,253,156,343,187
Gucci27.jpg,640,438,gucci,138,269,305,334
Gucci28.jpg,640,480,gucci,163,180,221,210
Gucci29.jpg,694,685,gucci,410,268,496,292
Gucci3.jpg,640,428,gucci,150,272,229,314
Gucci30.jpg,470,282,gucci,194,154,263,175
Gucci31.jpg,480,480,gucci,189,390,366,441
Gucci32.jpg,640,480,gucci,225,227,404,262
Gucci33.jpg,537,402,gucci,53,34,488,143
Gucci34.jpg,595,358,gucci,128,147,212,166
Gucci35.jpg,600,600,gucci,393,276,506,327
Gucci36.jpg,640,360,gucci,73,102,309,143
Gucci37.jpg,640,425,gucci,110,74,493,194
Gucci38.jpg,480,640,gucci,134,146,281,219
Gucci39.jpg,480,640,gucci,68,128,355,176
Gucci4.jpg,640,428,gucci,175,142,202,177
Gucci40.jpg,608,479,gucci,55,304,220,383
Gucci41.jpg,640,480,gucci,210,62,442,122
Gucci42.jpg,665,467,gucci,184,384,402,460
Gucci43.jpg,520,504,gucci,234,228,486,271
Gucci44.jpg,738,372,gucci,447,228,503,262
Gucci45.jpg,640,480,gucci,217,62,392,153
Gucci46.jpg,640,384,gucci,19,160,603,263
Gucci47.jpg,225,206,gucci,104,91,164,109
Gucci48.jpg,640,427,gucci,287,259,373,278
Gucci49.jpg,427,640,gucci,102,320,221,357
Gucci5.jpg,375,500,gucci,106,31,307,77
Gucci50.jpg,640,425,gucci,18,183,622,288
Gucci51.jpg,640,346,gucci,186,158,449,203
Gucci52.jpg,640,424,gucci,233,256,404,314
Gucci53.jpg,640,360,gucci,126,33,239,62
Gucci54.jpg,640,417,gucci,371,214,523,271
Gucci55.jpg,640,467,gucci,449,242,563,284
Gucci56.jpg,640,480,gucci,186,54,288,126
Gucci57.jpg,640,352,gucci,267,40,393,63
Gucci58.jpg,427,640,gucci,148,31,269,58
Gucci59.jpg,600,450,gucci,318,305,392,324
Gucci6.jpg,640,480,gucci,216,102,385,150
Gucci60.jpg,617,456,gucci,140,205,255,240
Gucci61.jpg,651,428,gucci,395,237,477,280
Gucci62.jpg,627,422,gucci,383,244,476,266
Gucci63.jpg,334,369,gucci,181,127,253,198
Gucci64.jpg,582,382,gucci,272,136,334,194
Gucci65.jpg,591,399,gucci,195,22,475,140
Gucci66.jpg,313,397,gucci,178,122,307,144
Gucci67.jpg,600,600,gucci,24,21,236,80
Gucci68.jpg,645,415,gucci,127,117,407,176
Gucci69.jpg,641,428,gucci,320,234,525,271
Gucci7.jpg,500,375,gucci,197,152,336,218
Gucci70.jpg,640,472,gucci,87,70,306,108
Gucci8.jpg,640,425,gucci,104,135,202,170
Gucci9.jpg,640,604,gucci,80,118,329,147
HH1.jpg,480,640,hh,187,207,352,480
HH10.jpg,439,640,hh,280,377,327,410
HH11.jpg,415,640,hh,202,97,250,130
HH12.jpg,640,427,hh,87,258,125,289
HH13.jpg,640,427,hh,263,133,387,200
HH14.jpg,480,456,hh,103,75,163,117
HH15.jpg,366,640,hh,208,302,259,339
HH16.jpg,480,435,hh,318,122,365,152
HH17.jpg,409,640,hh,185,208,250,251
HH18.jpg,480,637,hh,118,85,276,185
HH19.jpg,480,579,hh,200,172,229,189
HH2.jpg,480,640,hh,297,207,345,234
HH20.jpg,480,606,hh,115,221,154,251
HH21.jpg,480,617,hh,299,248,365,293
HH22.jpg,480,321,hh,188,89,297,152
HH23.jpg,480,611,hh,332,104,395,142
HH24.jpg,480,673,hh,155,96,275,191
HH25.jpg,480,433,hh,314,125,363,157
HH26.jpg,480,618,hh,286,168,315,188
HH27.jpg,480,626,hh,197,374,232,409
HH28.jpg,480,340,hh,142,130,198,169
HH29.jpg,480,273,hh,372,161,429,215
HH3.jpg,480,640,hh,198,133,237,155
HH30.jpg,640,481,hh,479,4,514,46
HH31.jpg,500,300,hh,336,214,406,253
HH32.jpg,640,491,hh,410,38,550,115
HH33.jpg,500,375,hh,202,97,321,155
HH34.jpg,500,375,hh,231,213,302,252
HH35.jpg,500,375,hh,118,265,176,298
HH36.jpg,980,735,hh,501,430,520,442
HH37.jpg,374,500,hh,228,397,254,420
HH38.jpg,640,480,hh,151,214,441,369
HH39.jpg,640,474,hh,248,393,281,413
HH4.jpg,640,480,hh,354,36,428,94
HH40.jpg,640,519,hh,459,467,561,517
HH41.jpg,640,519,hh,382,214,431,246
HH42.jpg,640,519,hh,356,170,408,203
HH43.jpg,640,519,hh,379,207,430,242
HH44.jpg,640,519,hh,273,97,495,252
HH45.jpg,638,640,hh,371,210,426,246
HH46.jpg,402,640,hh,242,476,275,498
HH47.jpg,640,427,hh,418,196,442,212
HH48.jpg,511,640,hh,285,146,325,168
HH49.jpg,514,640,hh,294,153,335,176
HH5.jpg,714,526,hh,338,136,371,152
HH50.jpg,509,640,hh,283,163,322,185
HH51.jpg,640,427,hh,274,110,312,148
HH52.jpg,640,483,hh,233,229,634,478
HH53.jpg,480,640,hh,116,490,146,509
HH54.jpg,640,480,hh,251,66,342,114
HH55.jpg,640,480,hh,103,267,157,303
HH56.jpg,675,1024,hh,255,427,300,451
HH57.jpg,710,1024,hh,400,251,445,278
HH58.jpg,640,629,hh,367,224,412,248
HH59.jpg,551,640,hh,356,202,401,229
HH6.jpg,480,640,hh,243,141,289,167
HH60.jpg,480,640,hh,214,102,233,116
HH61.jpg,516,640,hh,450,295,486,324
HH62.jpg,559,640,hh,426,535,467,558
HH63.jpg,612,612,hh,150,162,352,288
HH64.jpg,640,638,hh,261,321,332,366
HH65.jpg,826,523,hh,394,158,712,338
HH66.jpg,420,519,hh,271,77,315,109
HH67.jpg,798,539,hh,314,267,344,302
HH68.jpg,382,494,hh,133,269,205,320
HH69.jpg,807,552,hh,718,456,806,515
HH7.jpg,640,427,hh,189,18,218,37
HH70.jpg,684,514,hh,303,243,421,311
HH8.jpg,480,640,hh,67,167,364,439
HH9.jpg,640,426,hh,110,143,175,193
lacoste1.jpg,578,412,lacoste,127,262,178,294
lacoste10.jpg,640,480,lacoste,203,144,456,259
lacoste11.jpg,578,410,lacoste,157,51,405,199
lacoste12.jpg,600,800,lacoste,438,365,467,382
lacoste13.jpg,640,426,lacoste,76,47,186,109
lacoste14.jpg,500,375,lacoste,302,191,347,220
lacoste15.jpg,500,331,lacoste,208,67,382,166
lacoste16.jpg,640,480,lacoste,231,154,410,271
lacoste17.jpg,640,480,lacoste,455,321,625,416
lacoste18.jpg,500,500,lacoste,156,140,218,183
lacoste19.jpg,604,453,lacoste,330,215,413,265
lacoste2.jpg,627,417,lacoste,280,165,336,227
lacoste20.jpg,500,375,lacoste,230,218,322,266
lacoste21.jpg,476,330,lacoste,211,43,274,79
lacoste22.jpg,500,333,lacoste,175,14,232,49
lacoste23.jpg,428,600,lacoste,178,350,266,395
lacoste24.jpg,640,480,lacoste,56,292,83,342
lacoste25.jpg,500,400,lacoste,194,178,284,220
lacoste26.jpg,640,412,lacoste,206,227,258,254
lacoste27.jpg,640,427,lacoste,362,270,493,345
lacoste28.jpg,640,428,lacoste,101,164,134,183
lacoste29.jpg,640,480,lacoste,286,205,364,248
lacoste3.jpg,600,300,lacoste,538,11,571,30
lacoste30.jpg,640,459,lacoste,152,280,193,322
lacoste31.jpg,400,440,lacoste,159,134,187,146
lacoste32.jpg,640,427,lacoste,153,98,498,310
lacoste33.jpg,640,427,lacoste,151,255,363,367
lacoste34.jpg,510,433,lacoste,284,150,327,177
lacoste35.jpg,640,640,lacoste,312,230,405,294
lacoste36.jpg,800,800,lacoste,49,51,141,104
lacoste37.jpg,590,392,lacoste,279,180,314,225
lacoste38.jpg,640,480,lacoste,421,169,586,264
lacoste39.jpg,640,480,lacoste,297,143,384,203
lacoste4.jpg,640,453,lacoste,391,220,436,251
lacoste40.jpg,640,425,lacoste,468,131,566,184
lacoste41.jpg,640,480,lacoste,374,115,423,152
lacoste42.jpg,640,427,lacoste,398,279,435,303
lacoste43.jpg,640,471,lacoste,186,262,259,310
lacoste44.jpg,640,480,lacoste,269,160,428,283
lacoste45.jpg,625,415,lacoste,205,239,259,267
lacoste46.jpg,640,480,lacoste,294,247,318,262
lacoste47.jpg,640,427,lacoste,408,249,448,283
lacoste48.jpg,452,319,lacoste,116,65,230,146
lacoste49.jpg,640,426,lacoste,307,203,348,233
lacoste5.jpg,500,375,lacoste,181,121,226,216
lacoste50.jpg,616,430,lacoste,318,42,460,120
lacoste51.jpg,459,419,lacoste,261,185,303,211
lacoste52.jpg,558,423,lacoste,141,41,223,107
lacoste53.jpg,918,727,lacoste,601,316,661,353
lacoste54.jpg,285,372,lacoste,54,159,109,191
lacoste55.jpg,610,374,lacoste,395,75,481,124
lacoste56.jpg,322,437,lacoste,49,268,111,303
lacoste57.jpg,593,378,lacoste,201,123,394,235
lacoste58.jpg,874,657,lacoste,491,275,558,310
lacoste59.jpg,364,473,lacoste,69,70,207,171
lacoste6.jpg,419,702,lacoste,162,302,257,356
lacoste60.jpg,399,304,lacoste,261,194,293,216
lacoste61.jpg,562,400,lacoste,209,97,445,242
lacoste62.jpg,871,640,lacoste,432,54,459,77
lacoste63.jpg,528,428,lacoste,227,168,261,196
lacoste64.jpg,568,414,lacoste,121,73,476,262
lacoste65.jpg,267,385,lacoste,112,88,154,112
lacoste66.jpg,616,411,lacoste,350,73,409,107
lacoste67.jpg,471,324,lacoste,99,182,170,223
lacoste68.jpg,566,423,lacoste,341,174,411,222
lacoste69.jpg,586,397,lacoste,197,145,402,250
lacoste7.jpg,640,429,lacoste,300,244,357,276
lacoste70.jpg,379,307,lacoste,260,174,281,194
lacoste8.jpg,300,225,lacoste,139,97,170,118
lacoste9.jpg,419,702,lacoste,162,301,256,356
MK1.jpg,538,624,mk,355,269,381,295
MK10.jpg,640,640,mk,435,466,519,548
MK11.jpg,640,640,mk,376,498,420,543
MK12.jpg,637,327,mk,293,45,395,143
MK13.jpg,585,443,mk,372,64,447,170
MK14.jpg,629,300,mk,300,32,397,127
MK15.jpg,667,603,mk,291,299,400,403
MK16.jpg,640,480,mk,287,83,371,167
MK17.jpg,640,426,mk,72,143,204,234
MK18.jpg,640,480,mk,316,204,460,349
MK19.jpg,640,640,mk,70,196,270,382
MK2.jpg,475,419,mk,254,128,318,190
MK20.jpg,640,361,mk,462,92,517,147
MK21.jpg,236,354,mk,135,206,186,257
MK22.jpg,361,640,mk,38,151,336,447
MK23.jpg,583,359,mk,232,84,382,230
MK24.jpg,600,799,mk,477,476,526,523
MK25.jpg,640,425,mk,293,192,346,241
MK26.jpg,236,288,mk,56,51,95,91
MK27.jpg,420,250,mk,259,230,273,244
MK28.jpg,512,384,mk,72,247,128,303
MK29.jpg,640,480,mk,466,262,528,322
MK3.jpg,640,480,mk,235,47,585,336
MK30.jpg,236,314,mk,158,137,201,175
MK31.jpg,236,503,mk,119,35,154,83
MK32.jpg,640,425,mk,354,256,398,300
MK33.jpg,640,350,mk,403,118,611,321
MK34.jpg,640,427,mk,207,116,439,337
MK35.jpg,640,450,mk,390,350,454,408
MK36.jpg,508,640,mk,236,263,306,328
MK37.jpg,640,480,mk,248,166,329,243
MK38.jpg,640,426,mk,94,133,209,248
MK39.jpg,640,426,mk,225,253,272,301
MK4.jpg,640,480,mk,132,42,516,422
MK40.jpg,640,415,mk,285,214,399,293
MK41.jpg,236,236,mk,155,179,187,203
MK42.jpg,612,612,mk,135,158,487,496
MK43.jpg,394,640,mk,268,376,326,435
MK44.jpg,413,640,mk,278,357,336,412
MK45.jpg,600,602,mk,224,237,388,389
MK46.jpg,500,375,mk,121,207,155,245
MK47.jpg,500,375,mk,286,280,322,317
MK48.jpg,600,600,mk,267,321,330,385
MK49.jpg,640,480,mk,344,253,395,304
MK5.jpg,480,640,mk,192,282,312,397
MK50.jpg,640,427,mk,174,89,483,325
MK51.jpg,640,512,mk,58,322,138,376
MK52.jpg,640,361,mk,59,231,138,306
MK53.jpg,1081,720,mk,424,184,508,274
MK54.jpg,595,405,mk,458,306,499,343
MK55.jpg,446,419,mk,327,313,355,346
MK56.jpg,564,598,mk,384,419,412,445
MK57.jpg,662,444,mk,253,331,472,440
MK58.jpg,480,360,mk,373,158,416,201
MK59.jpg,630,418,mk,439,96,553,198
MK6.jpg,640,655,mk,373,540,427,596
MK60.jpg,620,413,mk,320,213,368,272
MK61.jpg,658,557,mk,428,48,495,142
MK62.jpg,544,464,mk,314,202,410,332
MK63.jpg,290,438,mk,146,213,231,278
MK64.jpg,490,593,mk,404,379,461,447
MK65.jpg,375,280,mk,201,199,222,219
MK66.jpg,700,200,mk,299,143,353,196
MK67.jpg,370,401,mk,136,261,176,302
MK68.jpg,600,600,mk,386,396,437,436
MK69.jpg,600,400,mk,198,296,238,338
MK7.jpg,680,604,mk,435,338,488,393
MK70.jpg,656,423,mk,403,284,453,331
MK8.jpg,640,640,mk,345,228,410,289
MK9.jpg,640,637,mk,338,242,443,366
nike1.jpg,610,427,nike,61,330,86,372
nike10.jpg,640,410,nike,240,258,358,321
nike11.jpg,640,480,nike,251,215,326,249
nike12.jpg,640,431,nike,352,264,417,312
nike13.jpg,640,480,nike,472,93,586,161
nike14.jpg,640,480,nike,185,195,227,311
nike15.jpg,640,471,nike,202,319,244,353
nike16.jpg,312,483,nike,131,211,185,235
nike17.jpg,411,343,nike,56,86,345,206
nike18.jpg,500,500,nike,84,146,159,182
nike19.jpg,640,446,nike,340,239,496,309
nike2.jpg,1024,1024,nike,467,452,684,602
nike20.jpg,600,450,nike,219,270,377,325
nike21.jpg,640,480,nike,325,170,451,243
nike22.jpg,240,180,nike,75,84,143,114
nike23.jpg,367,276,nike,163,97,264,133
nike24.jpg,640,495,nike,234,332,301,369
nike25.jpg,640,381,nike,249,211,361,274
nike26.jpg,640,480,nike,299,195,335,210
nike27.jpg,640,428,nike,249,208,321,293
nike28.jpg,768,1024,nike,355,156,374,202
nike29.jpg,640,360,nike,178,207,439,298
nike3.jpg,1000,1000,nike,318,413,595,517
nike30.jpg,640,427,nike,177,224,325,295
nike31.jpg,640,480,nike,110,63,174,171
nike32.jpg,640,426,nike,161,252,317,326
nike33.jpg,640,480,nike,107,219,193,268
nike34.jpg,640,480,nike,346,177,519,315
nike35.jpg,640,480,nike,177,165,236,280
nike36.jpg,640,411,nike,356,85,405,102
nike37.jpg,768,1024,nike,119,693,232,800
nike38.jpg,800,531,nike,156,372,287,433
nike39.jpg,800,540,nike,217,169,307,218
nike4.jpg,620,350,nike,122,136,539,249
nike40.jpg,640,426,nike,294,162,486,315
nike41.jpg,2048,1356,nike,493,525,1070,837
nike42.jpg,640,427,nike,203,113,234,137
nike43.jpg,700,434,nike,416,260,476,286
nike44.jpg,1024,683,nike,417,276,629,392
nike45.jpg,640,361,nike,307,137,388,205
nike46.jpg,640,640,nike,151,57,637,329
nike47.jpg,640,480,nike,93,193,172,265
nike48.jpg,640,400,nike,245,116,375,179
nike49.jpg,640,480,nike,1,181,81,248
nike5.jpg,400,300,nike,125,81,247,197
nike50.jpg,640,424,nike,215,154,450,263
nike51.jpg,640,427,nike,357,147,439,260
nike52.jpg,640,423,nike,316,225,351,239
nike53.jpg,612,612,nike,334,124,423,190
nike54.jpg,341,220,nike,119,87,174,126
nike55.jpg,640,480,nike,229,150,471,282
nike56.jpg,640,480,nike,308,182,455,353
nike57.jpg,640,474,nike,384,149,463,172
nike58.jpg,640,640,nike,94,105,160,128
nike59.jpg,2048,1536,nike,912,586,1038,649
nike6.jpg,1024,647,nike,413,116,457,170
nike60.jpg,640,451,nike,159,122,478,302
nike61.jpg,640,480,nike,191,324,242,386
nike62.jpg,640,424,nike,190,78,324,137
nike63.jpg,640,480,nike,55,146,598,341
nike64.jpg,600,400,nike,106,197,174,228
nike65.jpg,640,426,nike,282,179,374,228
nike66.jpg,640,425,nike,303,142,343,226
nike67.jpg,600,400,nike,307,100,366,195
nike68.jpg,640,427,nike,229,147,319,178
nike69.jpg,519,277,nike,37,198,56,230
nike7.jpg,640,428,nike,280,200,397,274
nike70.jpg,640,427,nike,57,137,318,251
nike8.jpg,655,814,nike,487,592,570,645
nike9.jpg,640,480,nike,70,90,243,213
prada1.jpg,616,411,prada,147,143,249,189
prada10.jpg,650,750,prada,323,236,368,252
prada11.jpg,640,427,prada,313,1,476,16
prada12.jpg,640,480,prada,153,238,430,293
prada13.jpg,640,443,prada,474,91,543,109
prada14.jpg,384,384,prada,72,61,259,182
prada15.jpg,500,335,prada,61,119,172,143
prada16.jpg,587,329,prada,138,67,298,100
prada17.jpg,640,480,prada,326,122,372,176
prada18.jpg,640,426,prada,246,194,429,248
prada19.jpg,1024,685,prada,478,302,541,318
prada2.jpg,441,443,prada,171,9,291,34
prada20.jpg,640,480,prada,161,116,280,143
prada21.jpg,500,375,prada,242,208,286,220
prada22.jpg,640,425,prada,154,3,483,317
prada23.jpg,640,480,prada,139,222,222,245
prada24.jpg,640,425,prada,128,89,533,200
prada25.jpg,500,375,prada,141,321,311,352
prada26.jpg,640,480,prada,241,204,372,234
prada27.jpg,640,480,prada,312,238,423,290
prada28.jpg,386,393,prada,155,133,214,150
prada29.jpg,640,426,prada,319,143,625,309
prada3.jpg,635,408,prada,222,194,358,246
prada30.jpg,640,426,prada,131,152,555,234
prada31.jpg,640,480,prada,188,169,460,211
prada32.jpg,600,400,prada,95,99,367,242
prada33.jpg,640,480,prada,426,174,545,216
prada34.jpg,640,426,prada,285,202,399,266
prada35.jpg,640,383,prada,297,212,373,229
prada36.jpg,640,383,prada,292,265,397,291
prada37.jpg,640,383,prada,300,247,418,267
prada38.jpg,640,480,prada,74,118,136,137
prada39.jpg,640,480,prada,231,213,328,241
prada4.jpg,480,360,prada,272,173,335,199
prada40.jpg,403,640,prada,62,207,375,277
prada41.jpg,640,426,prada,165,102,455,262
prada42.jpg,605,453,prada,193,206,405,271
prada43.jpg,640,427,prada,419,306,492,332
prada44.jpg,427,640,prada,143,88,301,119
prada45.jpg,1000,1000,prada,331,165,403,343
prada46.jpg,640,427,prada,391,163,453,191
prada47.jpg,640,426,prada,266,165,344,192
prada48.jpg,640,493,prada,221,175,432,215
prada49.jpg,554,845,prada,87,186,324,244
prada5.jpg,640,480,prada,146,136,211,177
prada50.jpg,640,426,prada,293,203,453,249
prada51.jpg,640,427,prada,277,118,403,145
prada52.jpg,640,480,prada,312,311,407,353
prada53.jpg,427,640,prada,140,95,315,136
prada54.jpg,640,480,prada,179,32,296,61
prada55.jpg,612,612,prada,73,151,134,171
prada56.jpg,1000,1000,prada,258,217,711,348
prada57.jpg,600,600,prada,390,223,495,252
prada58.jpg,640,426,prada,57,63,199,91
prada59.jpg,640,373,prada,77,152,380,235
prada6.jpg,640,426,prada,278,158,358,189
prada60.jpg,640,480,prada,66,181,572,276
prada61.jpg,538,441,prada,165,218,242,234
prada62.jpg,591,403,prada,237,67,476,125
prada63.jpg,602,343,prada,277,102,412,202
prada64.jpg,625,409,prada,396,59,529,86
prada65.jpg,651,415,prada,190,112,514,180
prada66.jpg,805,537,prada,157,148,269,174
prada67.jpg,654,430,prada,68,196,257,303
prada68.jpg,654,426,prada,322,241,436,265
prada69.jpg,894,632,prada,227,413,296,436
prada7.jpg,582,428,prada,299,193,429,228
prada70.jpg,700,419,prada,303,127,356,141
prada8.jpg,640,478,prada,304,142,376,159
prada9.jpg,640,640,prada,179,281,475,358
puma1.jpg,640,480,puma,94,29,370,277
puma10.jpg,500,375,puma,195,230,235,276
puma11.jpg,425,640,puma,131,224,261,371
puma12.jpg,480,640,puma,237,148,411,331
puma13.jpg,640,480,puma,94,166,147,208
puma14.jpg,500,346,puma,225,158,340,246
puma15.jpg,412,330,puma,57,63,139,140
puma16.jpg,640,426,puma,146,99,262,197
puma17.jpg,500,333,puma,207,153,259,182
puma18.jpg,840,587,puma,111,315,173,398
puma19.jpg,500,318,puma,233,190,280,229
puma2.jpg,640,480,puma,36,134,210,317
puma20.jpg,640,480,puma,397,188,475,253
puma21.jpg,640,426,puma,244,167,364,304
puma22.jpg,333,500,puma,37,130,88,186
puma23.jpg,640,480,puma,77,203,165,272
puma24.jpg,640,480,puma,106,29,501,127
puma25.jpg,640,480,puma,276,184,429,249
puma26.jpg,640,480,puma,404,168,496,273
puma27.jpg,640,480,puma,282,116,470,210
puma28.jpg,640,566,puma,328,271,409,354
puma29.jpg,500,400,puma,66,173,178,234
puma3.jpg,640,368,puma,385,147,428,185
puma30.jpg,535,375,puma,450,88,489,148
puma31.jpg,700,393,puma,346,159,402,201
puma32.jpg,500,333,puma,120,157,153,186
puma33.jpg,500,333,puma,62,84,143,149
puma34.jpg,972,648,puma,292,498,429,571
puma35.jpg,450,600,puma,106,2,346,91
puma36.jpg,640,480,puma,92,200,119,229
puma37.jpg,500,622,puma,87,310,206,404
puma38.jpg,480,640,puma,184,223,337,307
puma39.jpg,455,640,puma,47,345,160,413
puma4.jpg,640,480,puma,127,242,160,287
puma40.jpg,500,500,puma,12,110,115,185
puma41.jpg,640,359,puma,113,74,356,265
puma42.jpg,640,450,puma,482,361,635,432
puma43.jpg,640,471,puma,257,226,406,424
puma44.jpg,402,169,puma,54,96,80,121
puma45.jpg,900,600,puma,624,355,712,408
puma46.jpg,640,391,puma,120,27,538,308
puma47.jpg,640,427,puma,99,57,154,115
puma48.jpg,640,427,puma,355,133,394,160
puma49.jpg,640,480,puma,56,317,185,386
puma5.jpg,640,640,puma,238,248,400,375
puma50.jpg,480,640,puma,157,93,302,225
puma51.jpg,550,395,puma,103,106,357,308
puma52.jpg,564,465,puma,318,40,349,61
puma53.jpg,640,480,puma,225,211,359,260
puma54.jpg,640,480,puma,311,226,361,259
puma55.jpg,333,436,puma,130,375,272,434
puma56.jpg,568,434,puma,57,65,505,391
puma57.jpg,480,378,puma,330,155,382,194
puma58.jpg,628,436,puma,342,95,394,132
puma59.jpg,1004,680,puma,342,112,393,163
puma6.jpg,640,427,puma,202,164,281,223
puma60.jpg,577,428,puma,120,184,177,250
puma61.jpg,496,419,puma,103,41,167,90
puma62.jpg,612,402,puma,250,53,350,105
puma63.jpg,728,489,puma,220,120,513,317
puma64.jpg,576,441,puma,400,245,548,379
puma65.jpg,442,433,puma,46,64,413,415
puma66.jpg,370,492,puma,120,252,166,292
puma67.jpg,645,435,puma,176,323,244,360
puma68.jpg,653,435,puma,69,223,278,353
puma69.jpg,563,387,puma,487,286,524,324
puma7.jpg,500,375,puma,56,11,394,296
puma70.jpg,636,475,puma,85,108,171,168
puma8.jpg,640,427,puma,420,221,456,248
puma9.jpg,640,480,puma,93,33,561,406
supreme1.jpg,603,454,supreme,193,148,530,254
supreme10.jpg,427,640,supreme,151,269,348,337
supreme11.jpg,375,500,supreme,7,38,371,264
supreme12.jpg,500,359,supreme,218,87,270,104
supreme13.jpg,500,375,supreme,251,156,356,214
supreme14.jpg,538,568,supreme,265,305,342,337
supreme15.jpg,640,422,supreme,65,124,461,345
supreme16.jpg,427,640,supreme,40,286,370,412
supreme17.jpg,335,500,supreme,78,275,134,301
supreme18.jpg,640,426,supreme,20,128,638,394
supreme19.jpg,655,439,supreme,201,6,550,359
supreme2.jpg,640,428,supreme,118,239,519,343
supreme20.jpg,640,480,supreme,246,59,275,210
supreme21.jpg,640,427,supreme,219,168,443,271
supreme22.jpg,640,480,supreme,267,171,515,248
supreme23.jpg,640,428,supreme,283,217,359,246
supreme24.jpg,640,426,supreme,411,144,470,168
supreme25.jpg,640,253,supreme,146,71,409,174
supreme26.jpg,640,359,supreme,1,70,640,240
supreme27.jpg,640,425,supreme,162,76,304,197
supreme28.jpg,640,428,supreme,205,28,440,104
supreme29.jpg,640,428,supreme,107,134,498,286
supreme3.jpg,640,481,supreme,64,4,453,199
supreme30.jpg,359,480,supreme,21,13,262,97
supreme31.jpg,640,424,supreme,313,300,391,333
supreme32.jpg,640,426,supreme,274,44,498,96
supreme33.jpg,640,480,supreme,352,394,482,444
supreme34.jpg,640,480,supreme,402,218,489,260
supreme35.jpg,400,600,supreme,136,174,185,197
supreme36.jpg,500,621,supreme,123,240,194,264
supreme37.jpg,640,427,supreme,186,128,319,165
supreme38.jpg,640,427,supreme,272,156,436,253
supreme39.jpg,640,429,supreme,336,58,410,94
supreme4.jpg,480,640,supreme,77,166,202,219
supreme40.jpg,640,425,supreme,242,161,367,231
supreme41.jpg,640,426,supreme,332,218,544,291
supreme42.jpg,640,426,supreme,236,120,471,263
supreme43.jpg,428,640,supreme,176,165,333,229
supreme44.jpg,640,429,supreme,293,295,367,333
supreme45.jpg,640,427,supreme,150,103,554,234
supreme46.jpg,612,612,supreme,94,412,324,559
supreme47.jpg,640,427,supreme,283,155,618,268
supreme48.jpg,471,640,supreme,134,369,271,405
supreme49.jpg,640,427,supreme,392,179,639,257
supreme5.jpg,640,427,supreme,248,348,345,391
supreme50.jpg,640,427,supreme,178,83,313,157
supreme51.jpg,427,640,supreme,207,86,336,150
supreme52.jpg,640,426,supreme,165,177,353,239
supreme53.jpg,640,426,supreme,91,143,568,278
supreme54.jpg,640,425,supreme,62,156,585,322
supreme55.jpg,640,427,supreme,212,92,502,182
supreme56.jpg,640,425,supreme,197,14,397,161
supreme57.jpg,640,401,supreme,255,255,399,307
supreme58.jpg,640,432,supreme,76,61,170,121
supreme59.jpg,640,464,supreme,216,187,407,255
supreme6.jpg,640,427,supreme,229,235,279,264
supreme60.jpg,640,438,supreme,245,148,357,223
supreme61.jpg,681,487,supreme,299,284,424,322
supreme62.jpg,369,478,supreme,191,123,273,153
supreme63.jpg,812,442,supreme,453,214,565,247
supreme64.jpg,708,537,supreme,308,187,537,299
supreme65.jpg,777,552,supreme,314,153,434,194
supreme66.jpg,419,521,supreme,123,42,324,412
supreme67.jpg,796,540,supreme,582,40,672,84
supreme68.jpg,587,427,supreme,148,154,435,310
supreme69.jpg,353,421,supreme,61,167,262,247
supreme7.jpg,640,427,supreme,293,140,352,161
supreme70.jpg,725,437,supreme,159,226,425,339
supreme8.jpg,640,427,supreme,293,163,368,189
supreme9.jpg,640,427,supreme,153,160,466,267
